"id";"Choice";"AlaskaFF";"Age";"Tickets";"RoundTrip";"Promotion";"CustomerEmail";"Address"
1;1;1;46;1;1;1;1;3
2;1;2;23;2;1;1;1;3
3;0;2;47;4;1;1;1;1
4;1;2;44;1;0;1;1;2
5;1;1;18;2;1;1;1;1
6;0;1;31;1;1;1;1;2
7;0;2;24;1;1;1;1;2
8;1;2;40;1;1;1;1;3
9;0;1;38;4;1;1;1;2
10;0;2;35;1;1;1;1;3
11;0;2;23;1;1;1;1;2
12;0;1;41;1;1;1;1;3
13;0;2;55;5;1;1;1;1
14;0;1;20;2;0;1;1;2
15;0;1;22;2;1;1;1;3
16;1;2;24;1;1;1;1;3
17;0;2;36;5;1;1;1;2
18;0;2;26;1;1;1;1;2
19;1;2;34;1;1;1;1;3
20;0;2;35;1;1;1;1;1
21;0;2;35;1;1;1;1;2
22;0;2;47;1;1;1;1;3
23;0;2;36;1;1;1;1;3
24;0;2;40;1;1;1;1;2
25;0;3;40;4;1;1;1;1
26;0;2;38;1;1;1;1;3
27;0;1;52;1;0;1;1;2
28;0;2;34;1;1;1;1;2
29;0;2;34;2;1;1;1;1
30;0;2;49;1;1;1;1;3
31;1;3;18;1;1;1;1;3
32;0;2;35;1;1;1;1;3
33;0;1;46;1;1;1;1;3
34;1;2;23;1;1;1;1;2
35;0;1;42;3;1;1;1;3
36;1;2;24;2;1;1;1;3
37;0;3;37;1;1;1;1;2
38;1;2;42;1;1;1;1;3
39;0;2;48;4;1;1;1;3
40;0;2;43;1;1;1;1;1
41;1;2;23;1;1;1;1;3
42;0;2;39;1;1;1;1;2
43;0;1;22;1;0;1;1;2
44;0;2;23;2;1;1;1;1
45;0;2;39;1;1;1;1;3
46;0;2;28;1;1;1;1;2
47;0;2;32;1;1;1;1;2
48;0;2;48;1;1;1;1;2
49;0;1;46;1;1;1;1;1
50;0;2;34;1;1;1;1;2
51;0;2;48;1;1;1;1;3
52;1;2;42;1;1;1;1;2
53;0;3;39;1;1;1;1;1
54;0;1;65;1;1;1;1;3
55;1;2;38;3;1;1;1;3
56;0;1;34;1;0;1;1;2
57;1;2;28;1;1;1;1;3
58;0;2;45;4;1;1;1;2
59;0;2;43;1;1;1;1;3
60;1;2;26;3;1;1;1;3
61;0;2;35;1;0;1;1;2
62;0;2;46;1;1;1;1;1
63;0;1;39;1;1;1;1;1
64;1;2;23;1;1;1;1;1
65;0;2;30;1;1;1;1;2
66;0;2;37;1;0;1;1;2
67;0;2;44;1;1;1;1;3
68;0;2;53;5;1;1;1;1
69;0;3;45;1;1;1;1;2
70;0;2;42;1;0;1;1;2
71;1;2;24;1;1;1;1;3
72;0;1;48;1;1;1;1;1
73;0;2;26;1;1;1;1;3
74;0;1;34;1;1;1;1;2
75;0;2;39;4;1;1;1;3
76;1;2;23;1;1;1;1;2
77;0;2;30;3;1;1;1;2
78;0;1;45;1;0;1;1;2
79;0;2;35;1;0;1;1;1
80;0;2;42;1;1;1;1;3
81;0;2;37;1;1;1;1;2
82;0;2;41;4;1;1;1;2
83;0;2;37;4;1;1;1;3
84;0;2;26;1;0;1;1;2
85;0;2;20;2;0;1;1;2
86;0;2;23;2;1;1;1;2
87;0;2;25;1;1;1;1;2
88;0;2;31;1;1;1;1;2
89;1;2;38;1;1;1;1;2
90;1;2;35;1;1;1;1;3
91;0;1;50;1;1;1;1;2
92;1;2;31;1;1;1;1;3
93;0;2;52;1;1;1;1;1
94;0;1;53;4;1;1;1;3
95;1;1;18;2;1;1;1;3
96;0;2;37;4;1;1;1;1
97;0;2;32;1;0;1;1;2
98;0;2;33;1;1;1;1;2
99;0;2;44;4;0;1;1;3
100;0;1;38;4;1;1;1;3
101;1;2;19;1;1;1;1;3
102;0;2;33;2;1;1;1;2
103;0;2;35;1;0;1;1;2
104;0;2;28;1;1;1;1;2
105;0;2;41;1;1;1;1;2
106;0;3;33;1;1;1;1;1
107;0;2;40;5;0;1;1;1
108;0;3;41;3;1;1;1;1
109;0;1;40;1;0;1;1;2
110;0;2;28;3;1;1;1;3
111;0;1;34;2;1;1;1;2
112;0;2;30;1;0;1;1;2
113;0;3;51;1;1;1;1;1
114;1;2;24;1;1;1;1;3
115;1;2;38;4;1;1;1;3
116;1;2;31;1;1;1;1;3
117;1;2;42;5;1;1;1;3
118;0;2;39;1;1;1;1;3
119;0;2;33;1;0;1;1;2
120;1;2;39;4;1;1;1;1
121;0;2;28;2;1;1;1;2
122;0;1;20;1;1;1;1;1
123;0;1;34;1;1;1;1;3
124;0;2;28;2;1;1;1;3
125;0;1;42;1;1;1;1;2
126;0;2;48;1;1;1;1;2
127;0;2;33;1;1;1;1;2
128;0;2;31;1;1;1;1;2
129;0;1;18;1;1;1;1;2
130;1;2;33;3;1;1;1;2
131;0;2;40;1;1;1;1;3
132;0;2;50;2;0;1;1;2
133;0;2;43;4;1;1;1;3
134;1;2;45;4;1;1;1;3
135;0;2;25;2;1;1;1;2
136;0;2;36;4;1;1;1;3
137;0;2;28;1;1;1;1;3
138;1;2;35;1;1;1;1;1
139;0;2;38;1;1;1;1;2
140;0;2;38;1;1;1;1;2
141;0;2;45;1;1;1;1;3
142;1;2;30;2;1;1;1;2
143;0;2;32;2;0;1;1;2
144;0;2;34;1;1;1;1;2
145;1;2;36;1;1;1;1;2
146;0;1;29;2;1;1;1;2
147;0;3;38;4;1;1;1;2
148;0;2;19;2;1;1;1;2
149;0;2;37;1;1;1;1;3
150;0;2;38;1;1;1;1;2
151;0;2;29;1;1;1;1;2
152;0;1;42;4;1;1;1;1
153;0;2;29;2;0;1;1;2
154;0;1;18;2;1;1;1;2
155;0;2;26;4;0;1;1;3
156;1;2;36;4;1;1;1;3
157;0;2;33;3;1;1;1;1
158;0;2;26;1;0;1;1;2
159;0;2;29;3;1;1;1;2
160;0;2;31;1;1;1;1;2
161;0;1;53;1;1;1;1;2
162;0;2;39;1;1;1;1;3
163;1;2;26;2;0;1;1;3
164;0;2;37;1;1;1;1;2
165;1;2;26;2;1;1;1;3
166;1;3;38;4;1;1;1;3
167;0;2;20;1;1;1;1;2
168;0;2;37;1;0;1;1;3
169;0;2;32;1;1;1;1;2
170;0;2;39;4;1;1;1;1
171;0;2;40;2;0;1;1;3
172;0;2;40;3;1;1;1;1
173;0;2;39;4;1;1;1;3
174;0;2;53;1;1;1;1;3
175;0;2;18;1;0;1;1;2
176;0;2;31;1;0;1;1;1
177;1;2;37;1;1;1;1;2
178;0;2;39;1;0;1;1;2
179;0;2;32;3;1;1;1;3
180;1;2;57;4;1;1;1;3
181;0;2;44;1;1;1;1;1
182;0;2;47;1;1;1;1;2
183;0;1;21;1;0;1;1;2
184;0;2;36;4;1;1;1;2
185;0;2;40;4;1;1;1;3
186;0;2;32;2;1;1;1;3
187;0;3;29;1;1;1;1;2
188;0;1;39;4;1;1;1;2
189;0;2;43;1;1;1;1;2
190;1;2;39;4;1;1;1;3
191;1;3;38;1;1;1;1;1
192;0;3;44;5;1;1;1;2
193;0;2;37;1;1;1;1;2
194;0;1;42;1;1;1;1;2
195;1;3;51;1;1;1;1;1
196;0;1;38;4;1;1;1;1
197;1;2;21;1;1;1;1;3
198;0;2;36;1;0;1;1;1
199;0;1;41;4;1;1;1;1
200;0;1;32;2;1;1;1;3
201;1;2;23;1;1;1;1;1
202;0;2;36;4;1;1;1;2
203;0;3;36;3;1;1;1;2
204;0;2;38;1;1;1;1;2
205;0;2;35;1;1;1;1;3
206;0;2;34;3;1;1;1;2
207;0;2;39;1;0;1;1;2
208;0;1;42;1;1;1;1;1
209;0;2;45;4;1;1;1;2
210;1;2;27;1;1;1;1;3
211;0;2;37;1;1;1;1;1
212;0;2;41;4;1;1;1;2
213;0;2;38;4;1;1;1;3
214;0;2;49;1;1;1;1;3
215;1;2;24;1;1;1;1;3
216;0;3;41;1;1;1;1;2
217;0;2;49;4;1;1;1;3
218;1;2;41;1;1;1;1;2
219;0;2;42;1;1;1;1;3
220;0;2;33;3;1;1;1;3
221;0;2;44;1;1;1;1;1
222;0;1;34;3;1;1;1;2
223;0;2;37;1;1;1;1;2
224;1;2;26;3;1;1;1;3
225;0;2;30;2;1;1;1;2
226;0;1;49;1;1;1;1;2
227;1;2;21;1;1;1;1;3
228;0;2;41;1;1;1;1;3
229;0;2;39;4;1;1;1;3
230;0;1;27;1;1;1;1;1
231;0;2;29;1;1;1;1;3
232;0;2;42;1;1;1;1;3
233;0;2;35;2;1;1;1;2
234;0;2;52;4;1;1;1;2
235;0;2;43;1;1;1;1;3
236;0;2;37;1;1;1;1;1
237;0;1;46;4;1;1;1;1
238;0;2;32;3;1;1;1;1
239;1;2;32;3;1;1;1;3
240;0;2;43;1;0;1;1;3
241;0;2;34;3;1;1;1;2
242;0;2;50;1;1;1;1;2
243;0;1;42;1;1;1;1;2
244;1;2;25;2;1;1;1;3
245;1;2;25;2;1;1;1;3
246;1;2;43;1;1;1;1;1
247;0;2;33;2;1;1;1;2
248;0;1;47;1;1;1;1;3
249;0;3;36;1;1;1;1;2
250;1;2;20;1;1;1;1;3
251;0;2;42;1;1;1;1;1
252;0;2;36;1;0;1;1;3
253;1;2;28;1;1;1;1;1
254;0;2;38;4;1;1;1;1
255;0;2;22;1;1;1;1;1
256;0;1;51;4;1;1;1;2
257;0;2;37;1;1;1;1;2
258;0;1;42;4;1;1;1;3
259;0;2;39;4;1;1;1;3
260;0;2;54;1;0;1;1;2
261;0;1;20;1;0;1;1;2
262;0;2;40;1;1;1;1;2
263;1;2;39;4;1;1;1;3
264;0;3;44;5;1;1;1;1
265;0;2;36;3;1;1;1;3
266;1;3;33;2;1;1;1;1
267;0;2;41;1;1;1;1;3
268;1;2;41;1;1;1;1;2
269;0;2;33;1;1;1;1;3
270;0;2;49;3;1;1;1;2
271;0;2;31;1;1;1;1;1
272;0;1;34;1;1;1;1;3
273;1;2;23;1;1;1;1;1
274;0;2;40;3;1;1;1;1
275;0;2;32;1;1;1;1;2
276;0;2;28;3;1;1;1;2
277;0;2;37;4;1;1;1;3
278;0;2;39;2;0;1;1;2
279;1;1;42;1;1;1;1;3
280;1;2;18;1;1;1;1;3
281;0;2;32;1;1;1;1;2
282;1;2;34;1;1;1;1;3
283;0;2;31;1;1;1;1;2
284;0;2;30;2;1;1;1;2
285;0;2;37;3;1;1;1;3
286;0;2;45;4;1;1;1;1
287;0;1;23;1;1;1;1;2
288;0;1;21;1;0;1;1;2
289;0;1;25;1;0;1;1;2
290;0;2;42;1;1;1;1;2
291;0;2;33;1;1;1;1;2
292;1;2;22;1;1;1;1;3
293;0;2;31;2;0;1;1;2
294;0;1;42;1;1;1;1;1
295;0;2;32;1;1;1;1;3
296;0;2;18;2;1;1;1;1
297;0;2;34;3;0;1;1;3
298;0;3;37;3;1;1;1;3
299;1;2;44;1;1;1;1;3
300;0;2;43;4;1;1;1;3
301;0;1;58;3;1;1;2;3
302;0;1;29;2;0;1;2;2
303;0;3;43;1;0;1;2;2
304;0;1;56;1;1;1;2;2
305;0;1;39;4;1;1;2;1
306;0;2;43;3;1;1;2;3
307;0;1;52;3;0;1;2;2
308;0;2;59;1;1;1;2;2
309;0;1;34;2;1;1;2;2
310;0;1;50;3;1;1;2;3
311;0;2;62;4;1;1;2;1
312;0;1;52;4;0;1;2;1
313;0;2;51;4;0;1;2;1
314;1;2;34;1;1;1;2;1
315;0;2;40;1;1;1;2;3
316;0;2;25;2;1;1;2;3
317;0;2;48;4;1;1;2;3
318;0;2;49;3;1;1;2;3
319;0;1;41;1;0;1;2;3
320;0;1;38;1;1;1;2;1
321;0;2;41;3;1;1;2;3
322;1;1;60;3;1;1;2;3
323;0;1;43;3;1;1;2;1
324;0;2;61;1;1;1;2;1
325;1;1;50;4;1;1;2;3
326;0;2;40;1;1;1;2;2
327;0;3;47;3;1;1;2;2
328;0;1;55;1;0;1;2;2
329;1;1;51;4;1;1;2;1
330;0;2;64;2;1;1;2;2
331;0;2;50;1;1;1;2;3
332;0;2;49;3;1;1;2;3
333;0;2;41;4;1;1;2;3
334;0;2;30;2;1;1;2;3
335;0;2;51;4;0;1;2;1
336;0;2;48;1;1;1;2;3
337;0;2;40;4;1;1;2;3
338;0;1;59;3;0;1;2;2
339;0;2;42;1;1;1;2;2
340;0;2;59;3;1;1;2;2
341;0;2;50;1;1;1;2;3
342;0;2;54;4;1;1;2;3
343;0;1;28;1;1;1;2;1
344;0;2;40;3;1;1;2;3
345;0;1;55;4;0;1;2;2
346;0;2;52;3;1;1;2;1
347;0;2;46;4;1;1;2;3
348;0;2;37;3;1;1;2;1
349;0;1;59;1;1;1;2;3
350;0;1;41;1;1;1;2;2
351;0;1;39;3;1;1;2;3
352;0;1;33;3;0;1;2;2
353;0;2;48;1;1;1;2;2
354;0;1;48;1;1;1;2;2
355;1;1;57;4;1;1;2;1
356;0;2;52;4;1;1;2;3
357;0;1;49;4;1;1;2;1
358;0;1;41;4;1;1;2;2
359;0;1;46;1;1;1;2;2
360;0;2;56;1;1;1;2;2
361;0;1;43;1;1;1;2;2
362;0;2;47;2;1;1;2;3
363;0;2;30;1;1;1;2;3
364;0;1;39;1;1;1;2;2
365;0;1;52;4;0;1;2;1
366;0;1;62;1;1;1;2;3
367;0;2;54;1;1;1;2;3
368;0;2;34;2;1;1;2;3
369;0;2;33;1;1;1;2;3
370;0;1;67;1;0;1;2;2
371;0;2;59;1;1;1;2;2
372;0;2;41;1;1;1;2;1
373;1;1;44;4;1;1;2;3
374;0;2;33;2;1;1;2;2
375;0;1;51;4;1;1;2;1
376;0;1;51;3;1;1;2;1
377;0;2;51;4;1;1;2;1
378;0;1;65;1;1;1;2;2
379;0;1;51;4;0;1;2;2
380;0;2;47;1;1;1;2;2
381;0;1;56;3;0;1;2;2
382;0;2;50;1;0;1;2;2
383;0;2;43;1;1;1;2;3
384;0;1;59;3;1;1;2;3
385;0;2;50;1;0;1;2;2
386;0;1;46;3;1;1;2;3
387;1;2;41;1;1;1;2;3
388;0;2;29;1;1;1;2;3
389;1;2;60;1;1;1;2;3
390;0;1;52;1;1;1;2;2
391;0;2;37;3;0;1;2;2
392;0;2;41;1;1;1;2;3
393;0;1;43;3;1;1;2;3
394;0;1;37;1;1;1;2;2
395;1;2;33;2;1;1;2;3
396;0;2;37;1;0;1;2;2
397;0;2;36;1;1;1;2;3
398;0;2;43;1;1;1;2;2
399;0;2;46;1;1;1;2;3
400;0;2;49;1;0;1;2;2
401;0;3;27;1;1;1;2;2
402;0;2;43;1;1;1;2;1
403;0;2;41;3;1;1;2;3
404;0;1;49;1;1;1;2;2
405;0;2;40;1;0;1;2;2
406;0;1;39;3;0;1;2;2
407;0;1;69;1;1;1;2;2
408;0;2;50;1;1;1;2;3
409;0;2;28;1;1;1;2;1
410;0;1;50;1;1;1;2;3
411;0;2;30;1;1;1;2;3
412;0;2;25;2;1;1;2;2
413;0;2;50;1;1;1;2;2
414;1;2;40;1;1;1;2;1
415;0;2;42;4;0;1;2;2
416;0;2;53;4;1;1;2;3
417;0;1;41;1;1;1;2;2
418;0;1;53;1;1;1;2;1
419;0;2;43;1;1;1;2;3
420;0;1;30;1;1;1;2;3
421;0;2;26;1;1;1;2;1
422;1;2;33;1;0;1;2;3
423;0;2;39;3;1;1;2;2
424;0;1;46;1;1;1;2;1
425;0;1;44;3;1;1;2;2
426;0;1;51;1;1;1;2;3
427;0;1;40;2;1;1;2;3
428;1;2;53;4;1;1;2;2
429;0;1;25;1;1;1;2;2
430;1;2;44;4;1;1;2;3
431;0;1;33;2;1;1;2;2
432;1;2;54;4;1;1;2;2
433;0;1;61;4;1;1;2;3
434;0;2;51;3;1;1;2;3
435;0;2;46;3;1;1;2;2
436;0;1;41;4;1;1;2;2
437;0;1;47;3;1;1;2;3
438;0;2;54;1;1;1;2;2
439;0;2;50;1;1;1;2;1
440;1;2;37;3;1;1;2;3
441;0;2;49;5;1;1;2;1
442;0;2;40;1;1;1;2;1
443;0;1;46;3;1;1;2;1
444;0;2;44;1;1;1;2;1
445;0;2;36;3;1;1;2;2
446;0;2;55;3;1;1;2;3
447;0;2;61;1;1;1;2;2
448;1;2;45;1;1;1;2;2
449;0;1;26;1;1;1;2;2
450;0;2;48;1;1;1;2;2
451;0;2;53;4;1;1;2;3
452;0;2;51;3;1;1;2;3
453;0;2;52;3;1;1;2;2
454;0;2;43;1;1;1;2;3
455;0;1;49;1;1;1;2;3
456;0;1;51;3;1;1;2;2
457;0;2;63;1;1;1;2;3
458;0;2;44;1;1;1;2;3
459;0;2;45;1;1;1;2;3
460;0;2;46;1;1;1;2;1
461;0;2;43;3;1;1;2;3
462;0;2;55;3;1;1;2;1
463;0;2;50;1;1;1;2;1
464;0;2;31;3;1;1;2;2
465;0;2;33;2;1;1;2;3
466;0;2;26;3;1;1;2;3
467;0;1;48;3;1;1;2;3
468;0;1;52;4;1;1;2;3
469;0;2;38;1;1;1;2;3
470;0;2;33;2;1;1;2;1
471;0;2;35;2;0;1;2;2
472;0;2;42;1;1;1;2;2
473;0;2;42;1;1;1;2;2
474;0;2;34;2;1;1;2;3
475;1;2;35;1;1;1;2;2
476;0;1;51;1;1;1;2;3
477;0;2;40;1;1;1;2;2
478;0;2;41;3;1;1;2;2
479;0;1;54;1;1;1;2;2
480;0;1;44;1;1;1;2;1
481;0;2;38;1;1;1;2;1
482;0;1;65;1;1;1;2;1
483;0;1;56;4;1;1;2;2
484;0;1;54;4;1;1;2;2
485;0;1;40;4;1;1;2;2
486;0;2;43;3;1;1;2;3
487;0;2;41;1;1;1;2;2
488;0;2;61;1;0;1;2;2
489;0;2;43;1;1;1;2;1
490;0;2;38;4;1;1;2;1
491;0;2;52;1;1;1;2;1
492;0;2;48;1;1;1;2;2
493;0;2;31;3;1;1;2;2
494;0;2;52;1;1;1;2;1
495;0;2;49;4;1;1;2;1
496;0;2;46;4;1;1;2;2
497;0;1;64;1;1;1;2;3
498;0;2;57;1;1;1;2;3
499;0;2;45;4;1;1;2;1
500;0;1;53;3;1;1;2;3
501;0;1;53;4;1;1;2;2
502;0;1;35;1;1;1;2;3
503;1;1;35;3;1;1;2;1
504;0;2;49;4;1;1;2;1
505;0;2;46;1;1;1;2;1
506;0;1;60;1;1;1;2;1
507;0;2;40;1;1;1;2;2
508;0;2;58;1;0;1;2;2
509;1;2;49;4;1;1;2;3
510;0;1;62;3;1;1;2;3
511;0;1;38;1;1;1;2;3
512;0;1;33;1;1;1;2;1
513;0;1;34;1;0;1;2;2
514;0;1;44;1;1;1;2;2
515;0;1;53;4;1;1;2;3
516;0;2;47;1;0;1;2;2
517;0;1;49;1;1;1;2;1
518;0;1;41;1;1;1;2;3
519;0;2;53;1;1;1;2;1
520;1;2;43;4;1;1;2;3
521;0;2;40;3;1;1;2;2
522;0;2;48;3;1;1;2;3
523;0;2;43;1;1;1;2;2
524;0;2;54;1;1;1;2;1
525;0;1;31;2;1;1;2;1
526;1;1;20;2;1;1;3;1
527;1;1;22;1;1;1;3;3
528;1;2;23;1;1;1;3;2
529;1;1;26;1;1;1;3;3
530;0;2;26;1;1;1;3;2
531;0;2;27;3;1;1;3;2
532;1;2;23;2;1;1;3;3
533;1;2;22;1;1;1;3;3
534;0;1;28;1;1;1;3;2
535;0;1;23;2;1;1;3;2
536;0;2;24;1;1;1;3;1
537;0;1;22;1;1;1;3;3
538;1;2;25;1;0;1;3;1
539;0;2;25;1;0;1;3;2
540;0;2;29;3;1;1;3;2
541;1;2;24;2;1;1;3;3
542;0;2;27;3;1;1;3;2
543;0;2;26;3;1;1;3;2
544;0;2;24;2;0;1;3;1
545;0;2;27;1;1;1;3;2
546;0;2;24;2;1;1;3;2
547;0;2;26;3;1;1;3;2
548;0;1;23;1;1;1;3;2
549;1;2;24;1;1;1;3;1
550;1;2;27;1;1;1;3;1
551;1;2;25;1;1;1;3;3
552;0;2;25;2;1;1;3;1
553;0;2;24;1;1;1;3;2
554;0;2;25;1;1;1;3;1
555;0;2;27;1;1;1;3;3
556;1;2;23;2;1;1;3;3
557;0;1;25;1;1;1;3;1
558;1;1;28;1;1;1;3;3
559;0;3;21;2;0;1;3;2
560;0;1;19;2;0;1;3;2
561;0;2;24;1;1;1;3;2
562;1;1;27;2;1;1;3;1
563;0;1;28;3;1;1;3;2
564;0;1;24;1;1;1;3;3
565;0;2;24;2;1;1;3;3
566;1;2;24;2;1;1;3;3
567;0;3;23;1;1;1;3;2
568;1;2;28;2;1;1;3;1
569;1;1;39;1;1;1;3;3
570;0;2;24;1;0;1;3;1
571;0;2;25;1;1;1;3;1
572;1;2;23;1;1;1;3;2
573;1;1;26;1;1;1;3;3
574;0;1;26;1;1;1;3;2
575;0;2;22;2;0;1;3;2
576;1;1;23;1;1;1;3;1
577;1;2;21;1;1;1;3;1
578;0;1;22;1;1;1;3;1
579;1;2;25;2;1;1;3;3
580;0;2;25;1;1;1;3;3
581;1;2;24;2;1;1;3;3
582;0;1;44;1;1;1;3;3
583;0;2;24;1;1;1;3;3
584;0;2;24;2;1;1;3;1
585;0;2;28;1;1;1;3;1
586;0;2;26;1;1;1;3;1
587;1;2;23;1;1;1;3;3
588;1;2;27;1;0;1;3;3
589;0;2;25;1;1;1;3;3
590;0;2;25;1;1;1;3;2
591;1;2;26;1;1;1;3;3
592;0;2;26;3;1;1;3;2
593;0;1;28;3;1;1;3;2
594;0;2;26;1;1;1;3;1
595;1;2;27;1;1;1;3;3
596;1;2;25;1;1;1;3;1
597;0;2;27;1;1;1;3;3
598;0;1;23;1;1;1;3;2
599;1;2;24;1;1;1;3;1
600;0;2;21;2;1;1;3;3
601;1;2;23;1;1;1;3;3
602;0;2;22;1;1;1;3;3
603;0;2;26;3;1;1;3;1
604;0;2;22;2;1;1;3;2
605;0;2;26;1;0;1;3;1
606;0;2;21;1;1;1;3;1
607;0;3;36;3;1;1;3;2
608;1;3;27;1;1;1;3;2
609;1;1;19;1;1;1;3;3
610;1;2;26;3;1;1;3;3
611;1;2;19;1;1;1;3;3
612;1;2;24;2;1;1;3;2
613;0;2;26;2;1;1;3;1
614;0;2;22;2;1;1;3;1
615;1;2;26;1;1;1;3;3
616;0;2;30;1;1;1;3;2
617;1;2;21;2;1;1;3;3
618;1;1;20;2;1;1;3;3
619;0;1;65;1;1;1;3;3
620;0;2;19;1;1;1;3;3
621;0;2;25;2;1;1;3;2
622;1;2;29;1;1;1;3;1
623;0;2;21;1;1;1;3;3
624;0;1;28;1;1;1;3;1
625;1;2;24;2;0;1;3;3
626;1;2;24;1;1;1;3;3
627;0;2;24;1;1;1;3;3
628;1;2;24;2;1;1;3;3
629;0;1;23;2;1;1;3;1
630;1;2;25;2;1;1;3;2
631;1;1;23;2;1;1;3;1
632;0;2;32;2;1;1;4;2
633;1;2;35;1;1;1;4;2
634;0;2;39;1;1;1;4;3
635;0;2;42;1;1;1;4;1
636;0;2;37;4;1;1;4;1
637;0;2;31;1;1;1;4;3
638;0;1;41;1;1;1;4;3
639;0;1;42;3;0;1;4;1
640;0;2;33;1;1;1;4;1
641;0;1;34;2;1;1;4;2
642;0;2;50;4;1;1;4;3
643;0;2;45;1;1;1;4;2
644;1;2;30;1;1;1;4;2
645;0;1;27;1;1;1;4;2
646;1;2;32;1;1;1;4;3
647;0;1;53;4;1;1;4;2
648;0;2;27;1;1;1;4;3
649;0;1;40;3;1;1;4;2
650;1;2;30;3;1;1;4;1
651;0;1;40;3;1;1;4;2
652;0;2;29;2;1;1;4;2
653;0;1;40;4;1;1;4;3
654;0;2;40;1;1;1;4;3
655;0;1;56;3;1;1;4;2
656;0;2;29;1;1;1;4;3
657;0;2;29;1;1;1;4;1
658;0;2;48;3;1;1;4;1
659;0;1;59;3;1;1;4;3
660;1;2;25;1;1;1;4;1
661;1;2;31;3;1;1;4;3
662;0;2;51;4;1;1;4;2
663;0;2;33;1;1;1;4;3
664;0;2;51;1;0;1;4;2
665;1;2;43;4;1;1;4;3
666;0;2;32;1;1;1;4;3
667;0;1;44;3;1;1;4;2
668;0;1;29;1;1;1;4;1
669;0;1;51;4;1;1;4;3
670;0;1;61;3;1;1;4;1
671;0;1;45;1;1;1;4;2
672;0;2;31;2;1;1;4;3
673;0;2;37;1;1;1;4;1
674;1;2;26;1;1;1;4;2
675;0;2;36;3;1;1;4;1
676;0;2;25;1;1;1;4;1
677;0;1;43;3;1;1;4;3
678;0;1;40;4;1;1;4;2
679;0;1;33;2;1;1;4;1
680;0;1;37;3;1;1;4;1
681;0;2;56;1;1;1;4;2
682;0;1;18;2;1;1;4;1
683;0;2;64;1;1;1;4;2
684;0;2;45;1;1;1;4;3
685;0;2;40;3;1;1;4;2
686;1;2;36;1;1;1;4;3
687;0;2;34;2;1;1;4;3
688;0;1;42;1;0;1;4;1
689;0;2;37;4;0;1;4;1
690;0;2;44;1;0;1;4;1
691;0;1;39;4;1;1;4;2
692;0;2;36;1;1;1;4;2
693;0;1;40;1;1;1;4;3
694;1;2;46;4;1;1;4;1
695;0;2;40;2;0;1;4;2
696;0;2;49;3;1;1;4;3
697;0;2;21;1;1;1;4;2
698;0;2;31;3;0;1;4;3
699;0;2;50;3;1;1;4;2
700;0;2;35;2;0;1;4;2
701;0;1;55;4;1;1;4;3
702;0;2;31;1;1;1;4;1
703;0;2;25;1;1;1;4;2
704;0;2;42;1;0;1;4;2
705;1;2;20;2;1;1;4;1
706;0;2;49;1;1;1;4;2
707;0;2;43;3;1;1;4;1
708;0;1;27;1;1;1;4;2
709;0;2;38;1;1;1;4;1
710;0;2;47;3;1;1;4;2
711;0;2;32;1;1;1;4;1
712;1;2;32;3;0;1;4;1
713;0;2;30;2;1;1;4;1
714;0;2;37;4;1;1;4;2
715;0;1;38;1;1;1;4;3
716;0;2;32;2;1;1;4;3
717;0;2;49;1;0;1;4;2
718;0;1;51;1;1;1;4;2
719;0;2;46;3;1;1;4;3
720;1;2;24;1;1;1;4;3
721;0;2;49;1;1;1;4;3
722;0;2;36;1;1;1;4;1
723;0;1;44;2;1;1;4;2
724;0;1;54;1;0;1;4;1
725;0;1;57;4;1;1;4;3
726;0;2;26;1;0;1;4;2
727;0;1;34;3;0;1;4;2
728;0;1;27;1;1;1;4;1
729;0;1;37;3;1;1;4;1
730;0;2;49;3;1;1;4;2
731;0;1;26;1;1;1;4;1
732;0;1;64;3;1;1;4;3
733;1;2;46;1;1;1;4;3
734;0;2;28;1;1;1;4;3
735;0;1;36;1;0;1;4;1
736;0;1;40;1;1;1;4;2
737;0;2;41;3;1;1;4;1
738;0;1;30;1;1;1;4;2
739;0;1;38;1;1;1;4;1
740;1;2;42;3;1;1;4;2
741;0;2;37;1;1;1;4;1
742;1;1;18;2;1;1;4;2
743;0;2;31;2;1;1;4;2
744;0;2;47;1;1;1;4;1
745;0;2;34;3;1;1;4;2
746;0;1;31;2;1;1;4;2
747;0;1;29;1;1;1;4;2
748;0;1;28;1;1;1;4;1
749;0;2;47;3;1;1;4;1
750;1;2;44;1;1;1;4;3
751;0;2;33;1;1;1;4;1
752;0;1;39;1;1;1;4;1
753;0;2;54;4;1;1;4;3
754;0;1;47;1;1;1;4;3
755;0;2;35;3;1;1;4;3
756;0;2;37;1;0;1;4;3
757;1;2;39;3;1;1;4;1
758;0;1;41;1;1;1;4;2
759;0;1;50;3;1;1;4;3
760;0;1;43;2;0;1;4;2
761;0;1;42;1;1;1;4;2
762;0;1;45;1;1;1;4;3
763;0;1;41;4;1;1;4;3
764;0;2;37;3;1;1;4;1
765;0;2;49;1;1;1;4;2
766;0;2;48;3;1;1;4;1
767;0;1;39;3;1;1;4;2
768;0;1;28;1;1;1;4;1
769;0;1;52;1;1;1;4;3
770;0;1;50;3;1;1;4;3
771;0;1;42;1;1;1;4;2
772;0;2;33;2;1;1;4;2
773;0;1;36;2;1;1;4;3
774;0;2;39;1;1;1;4;1
775;0;1;52;4;1;1;4;1
776;0;2;44;1;1;1;4;1
777;0;2;49;1;1;1;4;2
778;0;2;32;1;1;1;4;1
779;0;2;34;1;1;1;4;2
780;0;2;52;3;1;1;4;2
781;0;2;34;3;1;1;4;1
782;1;1;28;2;0;1;4;3
783;0;1;29;2;1;1;4;1
784;0;1;49;1;0;1;4;2
785;1;2;40;1;1;1;4;3
786;1;1;41;3;1;1;4;1
787;0;2;45;1;1;1;4;3
788;0;2;43;1;1;1;4;1
789;1;2;30;3;1;1;4;1
790;1;2;31;1;1;1;4;3
791;0;1;46;3;0;1;4;3
792;0;2;41;1;1;1;4;2
793;1;1;35;2;1;1;4;3
794;0;2;43;3;1;1;4;3
795;0;2;47;1;1;1;4;2
796;0;2;53;1;1;1;4;1
797;0;1;39;3;1;1;4;2
798;0;2;39;1;1;1;4;3
799;0;1;37;3;1;1;4;1
800;0;2;39;1;1;1;4;2
801;1;2;29;1;1;1;4;2
802;1;2;41;3;1;1;4;2
803;0;2;41;1;1;1;4;3
804;0;2;46;4;1;1;4;2
805;0;1;36;4;0;1;4;2
806;0;2;51;1;1;1;4;1
807;0;2;49;1;1;1;4;3
808;0;1;41;1;1;1;4;1
809;0;2;23;2;1;1;4;3
810;0;2;31;2;1;1;4;1
811;0;2;48;4;1;1;4;2
812;0;1;29;1;0;1;4;3
813;0;2;24;1;1;1;4;2
814;0;2;50;1;1;1;4;1
815;0;2;44;1;1;1;4;3
816;1;2;31;2;1;1;4;3
817;0;1;27;2;1;1;4;2
818;0;1;59;1;1;1;4;1
819;0;2;48;1;1;1;4;3
820;0;2;41;3;1;1;4;3
821;0;1;51;1;1;1;4;3
822;0;2;26;2;0;1;4;1
823;0;1;35;1;1;1;4;2
824;0;2;48;2;0;1;4;2
825;1;1;32;2;1;1;4;3
826;0;1;52;3;1;1;4;1
827;0;1;30;2;1;1;4;3
828;0;2;44;1;1;1;4;3
829;0;2;35;1;1;1;4;3
830;1;1;50;4;1;1;4;3
831;0;1;40;1;1;1;4;3
832;0;1;44;1;1;1;4;2
833;0;1;37;1;1;1;4;2
834;0;1;36;3;1;1;4;2
835;1;1;44;4;1;1;4;1
836;0;2;49;4;1;1;4;2
837;0;2;42;4;1;1;4;3
838;0;2;62;4;1;1;4;3
839;0;2;44;1;1;1;4;3
840;0;2;50;4;1;1;4;3
841;0;1;49;1;1;1;4;3
842;0;2;49;1;0;1;4;2
843;0;2;38;4;1;1;4;2
844;0;2;40;1;1;1;4;1
845;0;2;41;1;1;1;4;3
846;0;2;44;1;0;1;4;2
847;0;1;44;4;1;1;4;2
848;0;1;49;1;0;1;4;2
849;1;2;42;3;1;1;4;3
850;0;2;49;4;1;1;4;2
851;0;2;48;4;1;1;4;1
852;0;2;51;5;1;1;4;2
853;0;2;23;1;1;1;4;1
854;0;2;38;1;1;1;4;2
855;0;2;28;2;1;1;4;3
856;0;1;48;4;1;1;4;3
857;0;2;50;1;1;1;4;2
858;0;2;46;1;1;1;4;2
859;0;2;41;1;1;1;4;2
860;0;2;46;1;1;1;4;3
861;0;2;42;1;1;1;4;2
862;0;2;35;2;1;1;4;1
863;0;2;45;3;0;1;4;1
864;0;1;37;1;1;1;4;1
865;0;2;32;2;1;1;4;3
866;0;2;40;1;1;1;4;2
867;0;1;36;1;0;1;4;3
868;1;2;22;1;0;1;4;1
869;0;1;42;1;1;1;4;2
870;0;2;39;4;0;1;4;3
871;0;1;30;3;1;1;4;1
872;0;2;27;2;1;1;4;2
873;0;2;41;1;1;1;4;3
874;0;2;24;1;1;1;4;3
875;0;2;36;1;1;1;4;3
876;0;2;33;2;1;1;4;1
877;0;2;43;1;1;1;4;1
878;0;2;41;2;0;1;4;2
879;0;2;42;1;1;1;4;2
880;0;2;52;4;1;1;4;2
881;0;2;47;1;1;1;4;2
882;0;2;50;1;1;1;4;3
883;0;1;48;1;0;1;4;3
884;0;3;44;1;0;1;4;2
885;0;1;50;1;0;1;4;1
886;0;3;43;1;1;1;4;1
887;0;1;44;1;1;1;4;2
888;0;1;55;1;0;1;4;2
889;1;2;34;1;1;1;4;2
890;0;1;49;4;0;1;4;2
891;0;3;45;4;1;1;4;1
892;0;1;50;3;1;1;4;3
893;0;2;36;3;1;1;4;1
894;0;2;44;3;1;1;4;3
895;0;2;41;1;1;1;4;3
896;0;2;41;3;1;1;4;2
897;0;2;35;3;1;1;4;2
898;0;2;26;1;1;1;4;1
899;0;2;43;1;0;1;4;2
900;0;2;38;3;1;1;4;1
901;0;2;48;1;1;1;4;2
902;0;2;26;2;1;1;4;1
903;0;2;32;3;1;1;4;2
904;0;2;45;1;1;1;4;1
905;0;1;47;2;1;1;4;1
906;0;2;31;1;1;1;4;2
907;0;2;18;2;1;1;4;3
908;0;1;50;1;1;1;4;3
909;0;1;24;1;1;1;4;2
910;1;1;36;1;1;1;4;1
911;0;1;55;1;1;1;4;3
912;1;1;56;1;1;1;4;3
913;1;2;33;2;1;1;4;1
914;0;2;49;1;0;1;4;2
915;0;2;46;1;1;1;4;2
916;0;2;45;4;1;1;4;3
917;0;1;49;3;1;1;4;3
918;0;1;36;1;1;1;4;1
919;0;1;64;3;0;1;4;2
920;0;1;43;1;1;1;4;2
921;0;2;49;1;1;1;4;3
922;0;1;30;1;1;1;4;3
923;0;2;55;4;1;1;4;2
924;0;2;37;1;1;1;4;2
925;0;2;46;1;1;1;4;2
926;0;2;35;2;0;1;4;1
927;0;2;41;4;1;1;4;2
928;0;1;51;1;0;1;4;3
929;0;2;26;2;0;1;4;2
930;1;1;48;4;0;1;4;2
931;0;2;52;5;1;1;4;2
932;0;2;24;2;1;1;4;2
933;0;3;45;1;0;1;4;2
934;0;2;33;2;1;1;4;3
935;1;3;32;3;1;1;4;3
936;0;1;49;1;1;1;4;1
937;0;1;49;1;1;1;4;2
938;0;1;51;1;1;1;4;3
939;0;2;50;1;1;1;4;2
940;1;1;36;1;1;1;4;2
941;0;2;31;1;1;1;4;1
942;0;2;42;1;0;1;4;2
943;0;2;37;3;1;1;4;3
944;0;2;42;1;1;1;4;1
945;0;2;33;1;1;1;4;2
946;1;1;42;1;1;1;4;2
947;0;1;49;4;1;1;4;3
948;1;2;24;2;1;1;4;3
949;0;1;37;1;1;1;4;2
950;0;1;44;3;1;1;4;3
951;0;2;38;1;0;1;4;2
952;0;2;30;1;1;1;4;1
953;0;2;37;1;1;1;4;2
954;0;2;46;3;1;1;4;1
955;1;2;55;3;1;1;4;2
956;0;2;35;2;1;1;4;3
957;0;2;32;2;1;1;4;3
958;0;2;30;1;0;1;4;2
959;0;1;36;3;1;1;4;2
960;1;2;27;3;1;1;4;3
961;0;2;58;1;1;1;4;2
962;0;1;46;3;1;1;4;3
963;0;2;51;1;1;1;4;1
964;0;1;32;3;0;1;4;2
965;1;2;46;1;1;1;4;1
966;0;2;22;1;1;1;4;1
967;0;1;55;1;1;1;4;2
968;0;2;43;1;1;1;4;2
969;0;1;28;2;1;1;4;2
970;0;1;39;2;0;1;4;1
971;0;2;48;3;1;1;4;1
972;0;2;27;1;1;1;4;1
973;0;2;50;4;1;1;4;1
974;0;2;60;1;1;1;4;1
975;0;2;39;4;1;1;4;1
976;1;2;39;3;1;1;4;3
977;0;2;42;1;1;1;4;1
978;1;2;41;1;1;1;4;3
979;0;2;42;1;1;1;4;2
980;0;2;49;1;1;1;4;3
981;0;2;45;4;1;1;4;2
982;1;2;34;1;1;1;4;3
983;0;1;26;1;1;1;4;1
984;1;2;28;2;1;1;4;3
985;0;2;44;1;1;1;4;3
986;0;1;47;1;1;1;4;2
987;1;2;47;1;1;1;4;1
988;0;1;42;3;1;1;4;3
989;0;2;41;1;1;1;4;3
990;0;2;37;1;1;1;4;3
991;1;2;39;1;1;1;4;1
992;0;2;38;1;1;1;4;2
993;1;2;28;2;1;1;4;1
994;0;2;37;1;1;1;4;3
995;0;1;49;4;1;1;4;1
996;0;1;40;3;1;1;4;3
997;0;2;56;3;1;1;4;2
998;0;2;37;4;1;1;4;1
999;1;2;35;3;1;1;4;1
1000;0;1;42;1;1;1;4;2
1001;0;2;46;1;1;2;4;2
1002;1;2;43;1;1;2;1;1
1003;1;2;33;1;1;2;1;3
1004;1;1;23;1;1;2;1;3
1005;0;2;32;2;1;2;1;1
1006;0;1;20;2;1;2;1;3
1007;0;2;43;4;1;2;1;3
1008;0;2;52;1;0;2;1;1
1009;0;1;44;1;1;2;1;1
1010;1;1;26;1;1;2;1;3
1011;0;2;37;4;1;2;1;2
1012;0;2;39;1;1;2;1;3
1013;1;2;24;1;1;2;1;2
1014;0;2;38;1;1;2;1;3
1015;0;1;32;2;1;2;1;3
1016;0;2;43;4;1;2;1;2
1017;1;1;38;1;0;2;1;2
1018;0;1;40;1;0;2;1;2
1019;0;1;18;2;1;2;1;3
1020;0;1;19;1;1;2;1;2
1021;0;3;35;1;0;2;1;2
1022;1;2;31;3;1;2;1;1
1023;0;2;24;1;1;2;1;1
1024;0;2;35;1;0;2;1;1
1025;1;2;31;2;1;2;1;3
1026;0;2;37;1;1;2;1;1
1027;1;1;30;3;1;2;1;1
1028;0;2;31;3;1;2;1;3
1029;0;2;34;3;1;2;1;3
1030;0;1;54;3;1;2;1;3
1031;0;1;46;4;1;2;1;2
1032;0;2;43;4;1;2;1;3
1033;0;2;30;1;1;2;1;2
1034;0;3;41;4;1;2;1;2
1035;0;2;53;1;1;2;1;2
1036;0;2;28;3;1;2;1;3
1037;1;2;46;1;1;2;1;1
1038;0;1;26;1;1;2;1;2
1039;0;2;34;3;1;2;1;3
1040;0;2;48;5;1;2;1;3
1041;1;2;28;1;1;2;1;3
1042;1;3;53;1;1;2;1;3
1043;0;2;44;4;1;2;1;1
1044;0;1;55;4;1;2;1;1
1045;0;2;42;4;1;2;1;3
1046;1;2;21;1;1;2;1;1
1047;0;1;49;3;0;2;1;2
1048;0;1;38;5;1;2;1;2
1049;0;1;53;4;1;2;1;2
1050;0;2;31;1;1;2;1;2
1051;0;2;33;1;1;2;1;3
1052;0;2;47;1;1;2;1;3
1053;0;2;42;1;1;2;1;3
1054;1;2;19;1;1;2;1;1
1055;1;2;25;1;1;2;1;1
1056;0;2;35;3;1;2;1;1
1057;0;2;45;4;1;2;1;1
1058;0;3;34;3;1;2;1;3
1059;0;1;46;4;1;2;1;3
1060;0;2;37;4;1;2;1;2
1061;1;2;28;1;1;2;1;2
1062;0;2;39;1;0;2;1;2
1063;0;2;25;2;1;2;1;2
1064;0;1;38;1;1;2;1;3
1065;0;2;27;3;1;2;1;3
1066;0;2;32;3;1;2;1;2
1067;0;2;31;1;1;2;1;3
1068;0;2;40;1;1;2;1;2
1069;0;2;21;1;1;2;1;2
1070;0;2;56;5;1;2;1;1
1071;0;2;23;1;1;2;1;1
1072;1;2;31;2;1;2;1;3
1073;0;2;35;2;1;2;1;2
1074;0;2;48;3;1;2;1;2
1075;1;2;41;1;1;2;1;3
1076;0;2;39;1;1;2;1;2
1077;1;2;32;3;1;2;1;3
1078;0;2;29;1;1;2;1;3
1079;0;2;44;5;0;2;1;2
1080;1;2;18;1;1;2;1;3
1081;0;2;40;1;1;2;1;3
1082;0;1;51;4;1;2;1;3
1083;0;2;39;1;1;2;1;3
1084;1;2;50;4;1;2;1;1
1085;1;2;44;3;1;2;1;2
1086;0;2;32;2;0;2;1;3
1087;1;2;35;3;1;2;1;2
1088;1;2;46;5;0;2;1;1
1089;0;1;42;1;1;2;1;2
1090;1;1;18;2;1;2;1;3
1091;0;2;27;1;1;2;1;2
1092;0;2;43;1;1;2;1;2
1093;0;2;52;1;1;2;1;3
1094;1;2;28;1;1;2;1;2
1095;0;2;33;1;0;2;1;2
1096;0;1;46;4;0;2;1;1
1097;1;2;38;1;1;2;1;1
1098;0;3;41;4;1;2;1;3
1099;0;2;43;4;1;2;1;2
1100;0;2;31;3;1;2;1;3
1101;0;2;44;1;1;2;1;2
1102;0;2;44;1;1;2;1;1
1103;0;2;23;2;1;2;1;3
1104;0;1;37;1;0;2;1;1
1105;0;1;20;2;1;2;1;2
1106;1;2;28;1;1;2;1;3
1107;1;2;18;1;1;2;1;3
1108;0;2;32;1;1;2;1;2
1109;1;1;31;1;1;2;1;3
1110;0;2;20;2;1;2;1;3
1111;0;1;40;4;1;2;1;2
1112;0;1;42;4;0;2;1;2
1113;0;2;44;1;1;2;1;3
1114;0;3;44;4;1;2;1;3
1115;0;2;25;2;1;2;1;3
1116;0;2;36;1;1;2;1;2
1117;0;2;35;2;0;2;1;2
1118;1;3;30;2;1;2;1;3
1119;0;1;36;3;1;2;1;2
1120;0;2;35;2;1;2;1;2
1121;1;2;27;2;1;2;1;1
1122;0;2;40;3;1;2;1;2
1123;0;2;50;1;1;2;1;2
1124;0;2;21;1;1;2;1;3
1125;0;2;40;1;1;2;1;3
1126;0;2;39;1;0;2;1;2
1127;0;2;41;1;1;2;1;3
1128;0;1;39;4;1;2;1;2
1129;0;3;25;2;0;2;1;1
1130;0;2;31;1;1;2;1;2
1131;0;2;32;1;1;2;1;1
1132;1;2;28;1;0;2;1;1
1133;0;1;50;1;1;2;1;2
1134;0;2;35;2;1;2;1;1
1135;0;2;42;5;0;2;1;2
1136;0;1;38;4;1;2;1;3
1137;0;1;36;1;1;2;1;2
1138;0;2;28;2;1;2;1;2
1139;0;2;31;3;0;2;1;1
1140;0;2;27;1;1;2;1;3
1141;0;2;40;1;1;2;1;3
1142;0;1;58;3;1;2;1;1
1143;0;2;21;1;1;2;1;2
1144;0;2;22;2;1;2;1;3
1145;0;2;28;1;0;2;1;2
1146;0;2;36;4;1;2;1;3
1147;0;1;18;2;1;2;1;1
1148;0;2;34;2;1;2;1;1
1149;0;2;44;1;1;2;1;3
1150;1;2;25;1;1;2;1;2
1151;0;2;45;4;1;2;1;2
1152;0;2;18;1;1;2;1;2
1153;0;2;45;1;0;2;1;2
1154;0;2;43;5;1;2;1;2
1155;0;1;18;2;1;2;1;2
1156;0;1;26;3;1;2;1;3
1157;0;2;34;1;1;2;1;3
1158;0;1;42;3;1;2;1;1
1159;0;2;27;2;1;2;1;3
1160;0;1;23;1;1;2;1;2
1161;1;2;41;4;1;2;1;1
1162;0;2;37;4;1;2;1;3
1163;0;2;34;1;1;2;1;1
1164;0;2;42;1;1;2;1;1
1165;0;1;29;3;1;2;1;3
1166;0;2;37;1;1;2;1;3
1167;0;2;27;3;1;2;1;2
1168;0;2;25;2;1;2;1;1
1169;0;2;19;1;1;2;1;3
1170;1;2;18;2;1;2;1;3
1171;1;2;35;1;1;2;1;3
1172;0;2;44;1;1;2;1;2
1173;0;2;41;5;1;2;1;2
1174;1;2;45;1;1;2;1;2
1175;1;2;23;2;1;2;1;3
1176;0;1;36;3;1;2;1;2
1177;0;2;37;1;0;2;1;2
1178;0;2;35;2;1;2;1;2
1179;0;2;43;4;0;2;1;1
1180;0;2;49;1;1;2;1;2
1181;1;3;18;1;1;2;1;1
1182;0;2;37;4;0;2;1;2
1183;0;2;38;3;1;2;1;1
1184;0;2;31;3;1;2;1;2
1185;0;2;34;1;0;2;1;2
1186;1;1;30;1;1;2;1;3
1187;0;1;18;2;1;2;1;3
1188;0;2;31;3;1;2;1;3
1189;0;2;36;4;1;2;1;1
1190;0;2;34;1;1;2;1;2
1191;1;2;41;1;1;2;1;1
1192;0;2;33;2;1;2;1;3
1193;0;2;32;2;1;2;1;2
1194;0;2;50;4;0;2;1;2
1195;0;2;36;3;1;2;1;3
1196;0;2;35;1;1;2;1;1
1197;0;2;28;2;1;2;1;3
1198;0;2;34;1;1;2;1;2
1199;1;1;47;1;1;2;1;1
1200;0;2;33;3;1;2;1;1
1201;0;2;35;3;0;2;1;1
1202;0;1;41;1;1;2;1;3
1203;1;2;24;1;1;2;1;3
1204;1;2;30;3;1;2;1;3
1205;1;2;44;1;1;2;1;3
1206;0;2;42;4;1;2;1;3
1207;0;1;30;1;1;2;1;3
1208;0;1;54;4;1;2;1;3
1209;0;2;34;1;0;2;1;3
1210;0;2;42;1;1;2;1;3
1211;0;2;41;1;1;2;1;1
1212;0;3;34;1;1;2;1;3
1213;1;2;36;4;1;2;1;1
1214;0;3;37;4;1;2;1;3
1215;1;1;18;2;1;2;1;3
1216;1;2;28;1;1;2;1;1
1217;0;2;32;3;1;2;1;1
1218;0;2;22;1;1;2;1;3
1219;0;2;23;1;1;2;1;2
1220;0;2;24;1;1;2;1;2
1221;0;1;18;2;1;2;1;3
1222;0;2;27;1;1;2;1;2
1223;0;1;29;1;1;2;1;3
1224;0;2;29;3;0;2;1;3
1225;0;1;39;4;1;2;1;3
1226;0;2;32;1;1;2;1;1
1227;0;2;46;4;1;2;1;3
1228;0;1;30;1;1;2;1;2
1229;0;2;53;3;1;2;1;1
1230;1;1;31;2;1;2;1;1
1231;0;1;24;2;1;2;1;3
1232;0;2;25;1;1;2;1;1
1233;0;2;37;1;1;2;1;3
1234;0;2;40;4;1;2;1;2
1235;0;2;40;4;1;2;1;1
1236;1;2;41;3;1;2;1;1
1237;0;2;51;1;1;2;1;1
1238;0;3;28;1;1;2;1;2
1239;0;2;46;3;1;2;1;1
1240;0;2;25;1;1;2;1;1
1241;0;2;41;4;1;2;1;3
1242;0;2;31;1;1;2;1;3
1243;0;1;39;3;1;2;1;3
1244;1;2;30;2;1;2;1;3
1245;0;1;27;3;1;2;1;2
1246;0;2;37;5;1;2;1;3
1247;0;1;56;4;1;2;1;3
1248;1;3;40;2;1;2;1;3
1249;0;2;36;5;1;2;1;1
1250;0;2;34;2;1;2;1;3
1251;1;1;18;2;1;2;1;3
1252;1;2;18;1;1;2;1;3
1253;0;3;39;3;1;2;1;1
1254;0;3;48;1;1;2;1;2
1255;0;2;35;3;0;2;1;2
1256;0;1;32;1;1;2;1;2
1257;0;2;28;3;1;2;1;2
1258;0;2;25;2;1;2;1;3
1259;0;1;40;1;1;2;1;2
1260;0;3;49;1;1;2;1;3
1261;1;1;23;1;1;2;1;3
1262;0;2;43;1;1;2;1;2
1263;0;2;40;4;1;2;1;3
1264;0;1;19;1;1;2;1;2
1265;0;2;34;1;0;2;1;1
1266;0;3;40;5;1;2;1;3
1267;1;2;26;1;1;2;1;3
1268;0;2;24;1;1;2;1;1
1269;0;1;62;4;1;2;1;1
1270;0;2;27;1;1;2;1;3
1271;0;2;48;1;1;2;1;1
1272;0;1;29;3;1;2;1;1
1273;1;2;28;2;1;2;1;1
1274;0;3;35;4;1;2;1;1
1275;0;2;24;1;0;2;1;3
1276;0;2;37;4;1;2;1;2
1277;0;1;38;4;1;2;1;3
1278;0;2;23;1;1;2;1;1
1279;0;2;36;1;1;2;1;3
1280;1;2;25;1;1;2;1;3
1281;0;2;40;1;1;2;1;1
1282;0;2;36;3;1;2;1;3
1283;0;2;30;3;0;2;1;3
1284;0;2;20;1;0;2;1;2
1285;0;1;22;1;0;2;1;1
1286;0;3;40;1;1;2;1;2
1287;0;2;18;2;1;2;1;2
1288;0;3;44;4;1;2;1;3
1289;0;2;36;1;1;2;1;3
1290;0;2;35;3;1;2;1;1
1291;0;2;39;1;1;2;1;1
1292;0;2;36;5;1;2;1;3
1293;0;1;20;2;1;2;1;3
1294;0;3;41;1;0;2;1;2
1295;1;2;38;4;1;2;1;3
1296;0;2;49;1;0;2;1;2
1297;0;2;43;1;1;2;1;2
1298;0;2;39;4;1;2;1;1
1299;0;2;30;1;0;2;1;3
1300;0;2;28;1;1;2;1;1
1301;0;2;33;2;1;2;1;1
1302;0;1;53;4;1;2;2;1
1303;0;2;53;2;1;2;2;3
1304;0;2;47;3;1;2;2;2
1305;0;1;46;4;0;2;2;2
1306;0;1;49;2;1;2;2;2
1307;0;1;39;3;1;2;2;3
1308;0;2;48;1;1;2;2;3
1309;0;1;56;1;1;2;2;3
1310;0;2;42;1;1;2;2;1
1311;0;2;51;2;1;2;2;3
1312;0;1;44;3;1;2;2;3
1313;0;2;35;2;1;2;2;3
1314;0;2;55;1;1;2;2;2
1315;0;2;27;2;1;2;2;2
1316;0;1;55;4;1;2;2;1
1317;0;2;58;1;1;2;2;3
1318;0;1;38;1;1;2;2;1
1319;0;1;54;4;1;2;2;3
1320;0;2;48;4;1;2;2;3
1321;0;1;32;1;1;2;2;2
1322;1;2;56;3;1;2;2;3
1323;0;2;45;1;1;2;2;1
1324;0;1;62;4;1;2;2;2
1325;0;2;36;3;1;2;2;3
1326;0;2;40;1;1;2;2;1
1327;0;2;30;1;1;2;2;3
1328;0;2;59;3;1;2;2;3
1329;1;2;35;1;1;2;2;1
1330;0;2;39;3;1;2;2;2
1331;0;1;58;1;1;2;2;1
1332;0;2;54;2;1;2;2;3
1333;0;1;32;1;1;2;2;2
1334;0;2;56;1;1;2;2;3
1335;0;1;46;4;1;2;2;3
1336;0;2;35;2;0;2;4;2
1337;0;2;30;2;1;2;4;1
1338;0;2;40;1;1;2;4;2
1339;0;1;45;1;1;2;4;3
1340;0;2;52;3;1;2;4;3
1341;0;2;42;1;1;2;4;3
1342;0;2;49;3;1;2;4;2
1343;0;2;38;1;1;2;4;1
1344;0;1;32;3;1;2;4;2
1345;0;2;33;1;1;2;4;1
1346;0;2;42;4;1;2;4;3
1347;0;1;31;2;1;2;2;3
1348;0;1;43;1;1;2;2;2
1349;0;1;32;1;1;2;2;3
1350;0;2;54;4;1;2;2;1
1351;1;2;52;3;1;2;2;2
1352;0;1;38;1;1;2;2;1
1353;0;3;42;4;1;2;2;2
1354;0;2;20;1;1;2;2;1
1355;0;2;45;1;1;2;2;1
1356;0;3;55;4;1;2;2;2
1357;0;2;45;1;1;2;2;1
1358;1;2;27;2;1;2;2;3
1359;0;1;50;1;1;2;2;3
1360;0;2;50;1;0;2;2;2
1361;1;1;41;3;1;2;2;3
1362;0;2;41;3;1;2;2;3
1363;0;1;56;4;1;2;2;2
1364;0;1;46;4;1;2;2;3
1365;0;2;29;1;1;2;2;2
1366;0;2;31;2;1;2;2;3
1367;0;1;47;1;1;2;2;3
1368;0;2;42;3;1;2;2;3
1369;0;1;34;1;0;2;2;2
1370;0;2;48;4;1;2;2;3
1371;0;1;50;3;1;2;2;1
1372;0;1;51;4;1;2;2;1
1373;0;2;41;1;1;2;2;2
1374;0;2;53;4;1;2;2;2
1375;0;1;48;4;1;2;2;3
1376;0;1;55;1;1;2;2;1
1377;0;2;42;4;1;2;2;3
1378;0;1;39;1;0;2;2;2
1379;0;2;52;1;1;2;2;1
1380;0;2;45;4;1;2;2;2
1381;0;1;39;1;1;2;2;1
1382;0;1;54;3;1;2;2;1
1383;0;2;43;1;1;2;2;3
1384;0;2;37;3;1;2;2;2
1385;0;2;42;1;1;2;2;1
1386;0;1;55;3;1;2;2;2
1387;1;2;31;1;1;2;2;3
1388;0;2;35;3;1;2;2;3
1389;0;2;37;4;1;2;2;3
1390;0;3;47;1;0;2;2;2
1391;0;1;40;1;0;2;2;1
1392;0;1;47;4;0;2;2;2
1393;0;2;48;4;1;2;2;1
1394;0;1;41;3;1;2;2;3
1395;0;1;37;1;1;2;2;2
1396;0;2;42;4;0;2;2;1
1397;0;2;59;1;1;2;2;1
1398;0;2;31;1;1;2;2;3
1399;0;2;38;3;1;2;2;3
1400;0;1;56;4;1;2;2;2
1401;0;2;46;1;1;2;2;3
1402;0;2;42;3;1;2;2;1
1403;0;2;34;1;1;2;2;2
1404;0;1;47;3;1;2;2;2
1405;0;1;50;3;1;2;2;2
1406;0;2;41;1;1;2;2;1
1407;0;2;36;2;1;2;2;3
1408;0;2;60;1;1;2;2;2
1409;0;2;51;1;1;2;2;3
1410;0;1;42;3;1;2;2;3
1411;1;2;24;1;0;2;2;1
1412;0;2;46;4;1;2;2;2
1413;1;1;39;4;1;2;2;3
1414;0;2;56;4;1;2;2;2
1415;0;2;55;1;1;2;2;1
1416;0;2;32;3;1;2;2;3
1417;1;2;37;1;1;2;2;1
1418;0;1;39;4;1;2;2;3
1419;0;1;49;1;1;2;2;2
1420;0;2;54;4;1;2;2;2
1421;0;1;51;4;1;2;2;1
1422;0;2;37;3;1;2;2;2
1423;1;2;34;1;1;2;2;3
1424;0;1;50;1;1;2;2;1
1425;0;2;39;1;1;2;2;2
1426;0;1;46;4;1;2;2;3
1427;0;2;40;1;1;2;2;2
1428;0;3;48;4;1;2;2;2
1429;1;2;34;2;1;2;2;3
1430;0;2;48;4;1;2;2;1
1431;0;2;46;3;1;2;2;3
1432;0;1;61;3;0;2;2;2
1433;1;2;28;1;1;2;2;1
1434;0;1;46;4;1;2;2;1
1435;0;1;42;2;1;2;2;3
1436;0;1;36;1;1;2;2;3
1437;0;1;36;3;1;2;2;3
1438;1;2;40;1;1;2;2;2
1439;0;2;26;1;0;2;2;1
1440;1;2;46;3;1;2;2;1
1441;0;1;55;4;1;2;2;3
1442;0;1;43;1;1;2;2;1
1443;0;2;49;3;1;2;2;3
1444;0;1;44;3;1;2;2;2
1445;0;1;48;3;0;2;2;3
1446;0;1;51;1;1;2;2;2
1447;0;1;35;2;1;2;2;2
1448;0;2;27;2;1;2;2;3
1449;1;2;36;3;1;2;2;2
1450;0;2;38;1;1;2;2;3
1451;0;1;61;1;1;2;2;3
1452;0;2;44;1;1;2;2;2
1453;0;1;46;3;1;2;2;3
1454;0;1;52;1;1;2;2;1
1455;0;2;47;4;1;2;2;1
1456;0;1;49;1;1;2;2;2
1457;0;1;46;3;1;2;2;2
1458;0;2;30;1;0;2;2;3
1459;0;2;49;4;0;2;2;2
1460;0;1;31;1;1;2;2;3
1461;0;2;44;1;1;2;2;2
1462;0;3;43;3;0;2;2;2
1463;0;2;58;4;1;2;2;1
1464;1;1;35;3;1;2;2;1
1465;0;2;46;4;1;2;2;2
1466;0;2;36;4;1;2;2;3
1467;0;2;67;3;1;2;2;3
1468;0;2;42;3;1;2;2;2
1469;0;1;51;1;1;2;2;1
1470;1;2;61;2;1;2;2;3
1471;1;2;43;1;1;2;2;1
1472;0;1;59;1;1;2;2;1
1473;0;2;38;1;1;2;2;3
1474;0;2;52;3;1;2;2;3
1475;0;1;41;1;1;2;2;3
1476;0;1;44;1;1;2;2;2
1477;0;2;37;3;1;2;2;3
1478;0;2;41;4;1;2;2;1
1479;0;1;54;4;0;2;2;2
1480;0;1;39;1;1;2;2;3
1481;0;1;37;4;1;2;2;2
1482;0;1;35;1;1;2;2;2
1483;0;2;51;3;1;2;2;2
1484;0;2;65;4;1;2;2;1
1485;0;1;40;1;1;2;2;2
1486;0;1;49;3;1;2;2;2
1487;0;2;48;2;1;2;2;2
1488;0;2;50;4;1;2;2;1
1489;0;1;40;1;1;2;2;3
1490;0;2;41;3;1;2;2;1
1491;0;1;46;1;1;2;2;3
1492;0;2;46;3;1;2;2;1
1493;0;1;44;1;1;2;2;3
1494;0;1;53;4;1;2;2;1
1495;0;1;46;4;1;2;2;2
1496;0;1;28;2;1;2;2;3
1497;0;2;56;1;1;2;2;3
1498;0;2;50;3;0;2;2;1
1499;0;2;36;4;1;2;2;3
1500;0;2;61;3;0;2;2;2
1501;0;2;35;2;1;2;2;2
1502;0;2;40;1;1;2;2;3
1503;0;2;43;3;1;2;2;3
1504;0;2;43;3;1;2;2;1
1505;0;2;44;3;1;2;2;1
1506;0;1;58;3;0;2;2;3
1507;0;2;38;1;1;2;2;3
1508;0;1;56;2;0;2;2;2
1509;0;1;47;1;1;2;2;3
1510;0;1;50;1;1;2;2;2
1511;0;2;44;1;1;2;2;2
1512;0;2;49;1;0;2;2;3
1513;0;2;52;1;1;2;2;1
1514;1;1;51;3;1;2;2;3
1515;1;2;43;1;0;2;2;1
1516;0;2;43;1;1;2;2;2
1517;0;2;65;3;1;2;2;2
1518;0;2;40;1;1;2;2;3
1519;0;2;45;1;1;2;2;3
1520;0;1;50;3;1;2;2;1
1521;0;1;43;1;1;2;2;3
1522;0;2;34;1;1;2;2;1
1523;0;1;37;3;1;2;2;2
1524;0;2;43;1;1;2;2;1
1525;0;1;35;2;0;2;2;2
1526;0;1;42;1;1;2;2;3
1527;1;2;22;1;1;2;3;3
1528;0;2;24;1;0;2;3;2
1529;0;2;25;1;1;2;3;2
1530;0;1;26;3;1;2;3;1
1531;1;2;20;2;1;2;3;3
1532;0;2;24;2;1;2;3;2
1533;0;2;24;1;1;2;3;2
1534;0;2;24;2;0;2;3;2
1535;0;1;59;4;1;2;3;2
1536;0;3;24;1;1;2;3;1
1537;0;1;21;1;1;2;3;2
1538;0;2;27;3;1;2;3;2
1539;0;2;25;1;0;2;3;2
1540;0;2;25;2;1;2;3;3
1541;0;2;23;2;1;2;3;2
1542;1;2;23;2;0;2;3;1
1543;0;2;25;1;1;2;3;3
1544;1;2;25;1;1;2;3;3
1545;0;1;23;1;1;2;3;2
1546;0;2;25;1;1;2;3;2
1547;1;1;21;2;1;2;3;3
1548;0;2;27;1;1;2;3;2
1549;0;2;26;2;1;2;3;3
1550;0;1;24;1;1;2;3;3
1551;0;2;23;2;1;2;3;3
1552;0;2;25;2;1;2;3;3
1553;0;1;25;1;1;2;3;3
1554;0;3;27;1;1;2;3;3
1555;0;1;26;1;1;2;3;3
1556;1;2;27;1;1;2;3;3
1557;0;2;26;1;1;2;3;2
1558;0;1;26;1;1;2;3;1
1559;1;2;25;1;0;2;3;3
1560;0;2;23;1;1;2;3;3
1561;1;1;25;1;1;2;3;1
1562;1;2;24;1;1;2;3;3
1563;0;2;24;1;1;2;3;1
1564;0;1;21;2;1;2;3;3
1565;0;2;23;1;1;2;3;2
1566;0;2;24;1;0;2;3;2
1567;1;2;28;1;1;2;3;3
1568;0;2;24;2;1;2;3;2
1569;0;1;24;1;1;2;3;3
1570;0;2;23;1;0;2;3;2
1571;0;1;20;1;0;2;3;2
1572;1;2;27;2;1;2;3;3
1573;0;2;21;1;1;2;3;3
1574;0;2;20;2;1;2;3;3
1575;0;3;46;1;1;2;3;2
1576;0;2;21;1;1;2;3;2
1577;0;2;22;1;1;2;3;2
1578;0;1;21;1;1;2;3;1
1579;0;2;24;1;0;2;3;2
1580;0;1;22;2;1;2;3;2
1581;0;1;23;2;0;2;3;2
1582;0;2;25;1;1;2;3;1
1583;0;1;18;2;1;2;3;3
1584;0;2;26;3;1;2;3;2
1585;0;2;20;1;1;2;3;3
1586;0;2;24;1;0;2;3;2
1587;0;2;23;1;1;2;3;2
1588;1;2;27;1;1;2;3;3
1589;0;2;25;1;1;2;3;2
1590;0;1;21;1;1;2;3;1
1591;0;1;27;3;1;2;3;1
1592;0;1;26;1;1;2;3;3
1593;0;2;25;1;1;2;3;3
1594;0;3;38;1;0;2;3;2
1595;0;3;21;2;1;2;3;1
1596;1;2;18;1;1;2;1;3
1597;1;2;33;3;0;2;1;2
1598;1;2;48;5;1;2;1;3
1599;0;2;32;1;1;2;1;2
1600;0;2;35;2;1;2;1;1
1601;0;1;45;3;1;2;1;2
1602;0;2;23;1;0;2;3;1
1603;1;2;21;1;0;2;3;3
1604;0;2;26;2;1;2;3;3
1605;1;2;28;2;1;2;3;3
1606;0;2;26;3;1;2;3;3
1607;0;2;24;1;1;2;3;3
1608;0;1;25;2;1;2;3;3
1609;1;2;22;2;1;2;3;2
1610;0;2;23;1;1;2;3;3
1611;0;2;24;1;1;2;3;2
1612;0;1;21;2;0;2;3;2
1613;1;3;25;2;0;2;3;3
1614;0;1;25;2;1;2;3;3
1615;0;2;22;1;1;2;3;1
1616;1;1;24;1;1;2;3;3
1617;1;1;29;3;1;2;3;3
1618;0;1;25;1;1;2;3;3
1619;1;1;22;1;1;2;3;3
1620;0;1;24;2;0;2;3;2
1621;0;2;23;1;1;2;3;2
1622;0;2;26;1;1;2;3;2
1623;1;2;24;1;1;2;3;3
1624;0;2;25;1;1;2;3;2
1625;0;1;20;1;0;2;3;3
1626;0;2;21;1;1;2;3;2
1627;0;1;21;1;1;2;3;3
1628;0;2;26;1;1;2;3;1
1629;0;2;25;1;1;2;3;3
1630;0;2;24;2;1;2;3;3
1631;0;2;21;1;1;2;3;3
1632;0;2;24;2;1;2;3;1
1633;1;2;39;3;1;2;4;3
1634;1;2;38;3;0;2;4;1
1635;1;1;51;4;1;2;4;3
1636;0;2;37;4;0;2;4;2
1637;0;1;30;3;0;2;4;3
1638;0;2;41;4;1;2;4;3
1639;0;1;54;1;1;2;4;3
1640;1;2;35;3;1;2;4;3
1641;0;2;49;3;1;2;4;3
1642;0;2;35;1;1;2;4;2
1643;1;2;22;1;1;2;4;3
1644;0;1;50;3;1;2;4;1
1645;0;2;35;1;0;2;4;2
1646;0;2;36;3;1;2;4;1
1647;0;2;48;1;1;2;4;2
1648;1;2;34;2;1;2;4;2
1649;0;2;29;1;1;2;4;2
1650;0;1;43;1;1;2;4;3
1651;0;2;48;3;1;2;4;2
1652;0;1;63;1;1;2;4;2
1653;0;2;36;1;1;2;4;3
1654;0;2;34;1;1;2;4;2
1655;0;1;42;1;1;2;4;2
1656;0;2;51;3;1;2;4;2
1657;0;2;44;1;0;2;4;2
1658;0;2;40;1;1;2;4;2
1659;0;1;32;2;1;2;4;1
1660;0;1;51;1;1;2;4;3
1661;0;2;39;3;1;2;4;1
1662;0;2;48;3;1;2;4;2
1663;0;2;40;4;1;2;4;3
1664;0;1;43;3;1;2;4;2
1665;0;2;52;1;1;2;4;3
1666;0;2;38;3;0;2;4;1
1667;0;2;41;1;0;2;4;1
1668;0;1;31;1;1;2;4;2
1669;0;2;46;4;1;2;4;2
1670;0;1;28;2;0;2;4;2
1671;0;1;36;3;1;2;4;2
1672;0;2;45;1;1;2;4;2
1673;0;2;29;3;1;2;4;1
1674;0;2;43;4;1;2;4;3
1675;0;2;42;3;1;2;4;1
1676;0;2;46;4;1;2;4;1
1677;1;2;50;3;0;2;4;2
1678;0;2;35;1;1;2;4;1
1679;0;2;49;3;1;2;4;3
1680;0;2;40;3;0;2;4;2
1681;0;2;34;3;1;2;4;2
1682;0;1;45;3;1;2;4;3
1683;1;2;43;1;1;2;4;3
1684;0;2;40;3;1;2;4;2
1685;0;2;33;2;1;2;4;2
1686;1;1;38;1;1;2;4;1
1687;0;2;51;4;1;2;4;2
1688;0;1;32;3;1;2;4;2
1689;0;1;67;1;1;2;4;3
1690;0;1;40;1;1;2;4;3
1691;0;1;39;3;0;2;4;2
1692;0;2;41;4;1;2;4;2
1693;0;2;34;1;0;2;4;2
1694;1;1;22;1;1;2;4;1
1695;0;2;35;2;1;2;4;1
1696;0;1;36;1;1;2;4;3
1697;0;2;42;5;1;2;4;2
1698;0;2;45;4;1;2;4;2
1699;1;1;18;1;1;2;4;3
1700;0;1;39;1;1;2;4;1
1701;0;1;46;3;1;2;4;1
1702;0;2;44;4;1;2;4;3
1703;0;1;46;3;0;2;4;2
1704;0;2;35;2;1;2;4;2
1705;0;3;30;2;0;2;4;1
1706;0;1;58;3;1;2;4;1
1707;0;2;27;1;1;2;4;2
1708;0;2;56;1;1;2;4;3
1709;0;2;50;1;1;2;4;2
1710;0;2;26;2;0;2;4;3
1711;0;1;39;1;1;2;4;3
1712;0;2;54;4;1;2;4;2
1713;0;2;48;1;1;2;4;1
1714;1;1;32;1;1;2;4;1
1715;0;1;34;2;1;2;4;2
1716;0;2;28;2;1;2;4;1
1717;0;2;45;1;1;2;4;3
1718;0;2;39;4;1;2;4;3
1719;0;1;48;1;1;2;4;1
1720;1;2;33;1;1;2;4;3
1721;0;2;31;2;1;2;4;2
1722;0;2;44;1;1;2;4;2
1723;0;1;38;1;1;2;4;1
1724;0;2;47;1;1;2;4;3
1725;0;1;47;1;1;2;4;3
1726;0;2;26;1;1;2;4;3
1727;0;2;34;1;1;2;4;2
1728;0;2;36;1;1;2;4;2
1729;0;2;42;1;0;2;4;2
1730;0;1;25;2;1;2;4;3
1731;0;2;37;1;1;2;4;2
1732;0;2;34;1;0;2;4;2
1733;0;1;58;4;1;2;4;3
1734;0;1;56;1;1;2;4;2
1735;0;1;39;1;1;2;4;2
1736;0;2;41;3;1;2;4;3
1737;0;2;39;3;1;2;4;3
1738;0;1;25;1;1;2;4;2
1739;1;2;39;1;0;2;4;3
1740;0;1;47;1;0;2;4;2
1741;1;1;37;1;1;2;4;1
1742;0;1;57;1;1;2;4;2
1743;0;1;40;4;1;2;4;2
1744;0;1;48;3;1;2;4;3
1745;0;2;26;1;1;2;4;3
1746;0;2;38;4;1;2;4;2
1747;0;2;52;1;1;2;4;1
1748;0;1;44;1;1;2;4;3
1749;0;1;34;1;1;2;4;2
1750;0;2;46;3;1;2;4;1
1751;1;2;35;1;1;2;4;3
1752;0;2;30;1;1;2;4;3
1753;0;2;38;3;1;2;4;3
1754;0;2;25;1;1;2;4;3
1755;0;1;49;4;1;2;4;1
1756;0;2;35;2;1;2;4;1
1757;1;1;26;2;1;2;4;2
1758;0;2;36;1;1;2;4;3
1759;1;1;42;1;1;2;4;1
1760;0;2;36;1;1;2;4;1
1761;0;2;29;2;1;2;4;1
1762;0;2;37;1;1;2;4;2
1763;0;2;45;3;1;2;4;3
1764;1;2;34;2;1;2;4;2
1765;0;2;44;3;1;2;4;2
1766;0;2;53;3;1;2;4;3
1767;0;1;36;1;0;2;4;3
1768;0;2;40;3;1;2;4;3
1769;0;2;44;1;1;2;4;3
1770;0;2;45;3;1;2;4;2
1771;1;2;39;3;1;2;4;1
1772;0;1;27;2;1;2;4;2
1773;0;1;47;1;1;2;4;3
1774;0;2;23;1;1;2;4;2
1775;0;3;43;1;1;2;4;3
1776;0;2;40;1;1;2;4;1
1777;0;1;56;3;1;2;4;3
1778;0;1;44;2;1;2;4;1
1779;0;1;50;3;1;2;4;3
1780;0;1;28;2;0;2;4;1
1781;0;2;31;2;0;2;4;3
1782;0;2;39;1;0;2;4;3
1783;0;2;39;1;1;2;4;2
1784;0;1;38;1;1;2;4;3
1785;0;2;36;1;1;2;4;3
1786;0;2;34;1;1;2;4;2
1787;0;2;37;1;1;2;4;1
1788;0;2;33;3;1;2;4;3
1789;0;2;29;2;1;2;4;2
1790;0;1;38;3;1;2;4;1
1791;0;1;47;3;1;2;4;3
1792;0;2;42;1;1;2;4;2
1793;0;2;53;1;1;2;4;1
1794;0;2;49;1;0;2;4;2
1795;0;2;35;2;1;2;4;1
1796;0;2;33;1;1;2;4;3
1797;0;2;39;1;1;2;4;1
1798;0;2;45;3;1;2;4;2
1799;0;2;36;1;1;2;4;1
1800;0;1;50;4;1;2;4;2
1801;0;2;30;3;1;2;4;3
1802;0;1;60;1;1;2;4;2
1803;0;1;37;1;1;2;4;3
1804;0;2;53;4;1;2;4;1
1805;0;2;37;1;0;2;4;3
1806;1;1;30;2;1;2;4;1
1807;0;2;48;1;1;2;4;3
1808;0;1;40;4;1;2;4;1
1809;0;1;52;1;1;2;4;3
1810;1;2;36;3;1;2;4;1
1811;0;2;29;1;1;2;4;2
1812;0;2;33;1;0;2;4;2
1813;0;1;29;1;1;2;4;3
1814;0;2;47;1;1;2;4;1
1815;0;2;33;2;1;2;4;2
1816;0;2;49;4;1;2;4;1
1817;0;2;49;1;1;2;4;2
1818;0;1;53;3;1;2;4;2
1819;0;2;41;1;1;2;4;3
1820;0;2;42;1;1;2;4;1
1821;0;1;31;1;1;2;4;3
1822;0;2;52;1;1;2;4;1
1823;0;2;36;3;1;2;4;3
1824;0;2;44;2;1;2;4;3
1825;0;2;34;2;1;2;4;3
1826;0;2;49;1;1;2;4;2
1827;0;2;39;3;1;2;4;3
1828;1;2;39;3;1;2;4;3
1829;1;1;43;1;1;2;4;1
1830;0;1;25;2;0;2;4;2
1831;0;2;34;2;1;2;4;3
1832;0;2;41;1;1;2;4;2
1833;0;1;51;3;1;2;4;2
1834;0;2;47;3;1;2;4;3
1835;0;2;48;2;1;2;4;2
1836;0;2;38;3;1;2;4;1
1837;0;1;40;4;1;2;4;3
1838;0;2;50;1;1;2;4;3
1839;1;2;32;1;1;2;4;1
1840;0;2;35;1;1;2;4;3
1841;0;2;41;3;0;2;4;2
1842;0;2;38;1;1;2;4;1
1843;0;1;37;4;1;2;4;2
1844;0;1;61;1;1;2;4;1
1845;0;1;55;1;1;2;4;1
1846;0;2;46;2;1;2;4;2
1847;0;2;36;1;1;2;4;2
1848;0;1;50;3;1;2;4;2
1849;1;2;36;3;1;2;4;2
1850;0;1;35;2;1;2;4;3
1851;0;1;37;4;1;2;4;3
1852;0;2;38;1;1;2;4;3
1853;0;1;39;1;1;2;4;2
1854;0;1;41;2;1;2;4;2
1855;0;1;40;3;0;2;4;2
1856;0;2;52;1;1;2;4;2
1857;0;1;49;3;0;2;4;2
1858;0;2;28;3;1;2;4;3
1859;0;3;36;1;1;2;4;3
1860;0;1;43;1;1;2;4;1
1861;0;2;49;1;0;2;4;1
1862;0;1;42;1;1;2;4;1
1863;0;2;27;3;1;2;4;3
1864;0;2;52;3;0;2;4;2
1865;0;2;49;1;1;2;4;3
1866;0;2;37;1;1;2;4;1
1867;0;2;30;2;1;2;4;3
1868;0;1;18;1;1;2;4;1
1869;1;2;48;3;1;2;4;2
1870;0;2;27;2;1;2;4;2
1871;0;2;48;3;1;2;4;2
1872;0;1;31;3;1;2;4;1
1873;0;1;48;1;1;2;4;2
1874;0;3;61;3;1;2;4;2
1875;0;2;42;4;1;2;4;2
1876;0;2;45;1;1;2;4;2
1877;0;1;48;4;1;2;4;3
1878;0;1;46;1;1;2;4;2
1879;1;2;49;1;1;2;4;3
1880;0;2;43;1;1;2;4;1
1881;0;1;48;1;1;2;4;3
1882;0;1;46;4;1;2;4;1
1883;0;1;60;4;1;2;4;3
1884;0;2;41;3;1;2;4;3
1885;0;2;36;1;1;2;4;2
1886;0;2;46;1;1;2;4;1
1887;0;1;19;1;1;2;4;3
1888;0;1;44;3;1;2;4;2
1889;0;2;46;3;1;2;4;3
1890;0;1;54;4;1;2;4;1
1891;0;2;38;3;1;2;4;1
1892;0;1;41;1;1;2;4;1
1893;0;1;51;4;1;2;4;2
1894;0;2;40;3;1;2;4;1
1895;0;2;33;1;0;2;4;3
1896;0;2;38;2;1;2;4;1
1897;0;2;44;3;1;2;4;1
1898;0;1;46;4;1;2;4;2
1899;0;2;44;1;1;2;4;3
1900;0;1;30;2;0;2;4;2
1901;0;2;30;1;1;2;4;1
1902;0;1;18;1;1;2;4;1
1903;0;1;43;1;1;2;4;3
1904;0;2;37;1;1;2;4;2
1905;0;1;34;2;1;2;4;2
1906;0;2;46;1;1;2;4;3
1907;0;2;38;3;1;2;4;1
1908;0;2;49;3;1;2;4;1
1909;0;2;45;1;1;2;4;1
1910;0;2;40;4;1;2;4;2
1911;0;2;37;4;0;2;4;2
1912;1;2;27;1;1;2;4;3
1913;0;2;46;1;1;2;4;3
1914;0;1;33;1;1;2;4;1
1915;0;2;50;1;1;2;4;3
1916;0;1;31;2;1;2;4;2
1917;1;2;22;2;1;2;4;3
1918;0;2;39;3;1;2;4;3
1919;0;1;39;1;1;2;4;2
1920;0;1;34;1;1;2;4;2
1921;0;2;28;2;1;2;4;2
1922;0;1;50;3;1;2;4;2
1923;0;2;33;2;1;2;4;2
1924;0;2;41;4;0;2;4;3
1925;0;2;56;4;1;2;4;3
1926;0;2;28;2;1;2;4;2
1927;1;2;33;1;1;2;4;3
1928;1;2;41;1;1;2;4;1
1929;1;2;31;1;1;2;4;1
1930;0;2;39;1;1;2;4;3
1931;0;1;41;1;1;2;4;2
1932;0;1;46;3;0;2;4;1
1933;0;1;44;4;1;2;4;2
1934;0;2;51;1;1;2;4;1
1935;0;2;30;1;1;2;4;2
1936;0;2;38;4;1;2;4;1
1937;0;2;50;4;1;2;4;2
1938;0;2;37;3;1;2;4;3
1939;0;2;48;1;1;2;4;1
1940;0;2;41;1;0;2;4;2
1941;0;1;50;1;1;2;4;1
1942;1;1;35;1;1;2;4;3
1943;0;2;31;3;1;2;4;3
1944;0;2;51;1;1;2;4;1
1945;0;2;43;3;1;2;4;3
1946;0;1;41;1;1;2;4;2
1947;0;2;56;4;0;2;4;1
1948;0;1;47;4;0;2;4;2
1949;0;2;27;1;1;2;4;3
1950;1;1;18;2;1;2;4;1
1951;0;2;39;4;1;2;4;3
1952;1;1;51;4;1;2;4;1
1953;0;1;22;2;1;2;4;1
1954;0;1;29;2;1;2;4;3
1955;0;2;41;3;1;2;4;2
1956;0;1;35;1;1;2;4;3
1957;0;1;36;1;1;2;4;1
1958;0;2;31;3;1;2;4;3
1959;0;2;31;1;1;2;4;1
1960;0;2;44;4;1;2;4;3
1961;0;3;33;1;0;2;4;3
1962;0;2;43;3;1;2;4;3
1963;1;2;49;4;0;2;4;2
1964;0;2;31;2;1;2;4;2
1965;0;2;41;4;1;2;4;3
1966;0;1;40;4;1;2;4;1
1967;0;2;39;4;1;2;4;1
1968;0;2;51;1;1;2;4;2
1969;0;1;47;1;1;2;4;2
1970;0;2;47;3;0;2;4;1
1971;0;2;48;2;1;2;4;3
1972;0;1;48;1;1;2;4;3
1973;1;3;31;1;1;2;4;3
1974;0;1;31;2;1;2;4;3
1975;0;2;47;1;1;2;4;2
1976;1;2;26;2;1;2;4;3
1977;0;1;37;4;1;2;4;3
1978;0;2;37;1;1;2;4;1
1979;0;2;27;3;1;2;4;2
1980;0;1;32;1;1;2;4;3
1981;0;2;40;1;1;2;4;2
1982;1;1;26;1;1;2;4;3
1983;0;2;39;1;1;2;4;2
1984;0;1;40;4;0;2;4;2
1985;0;2;37;4;1;2;4;2
1986;0;1;32;1;1;2;4;1
1987;0;1;27;1;1;2;4;2
1988;0;2;54;4;1;2;4;1
1989;1;2;43;3;1;2;4;1
1990;0;1;29;1;1;2;4;1
1991;0;2;44;1;1;2;4;3
1992;0;1;29;2;1;2;4;2
1993;0;2;46;1;1;2;4;1
1994;0;2;36;1;1;2;4;3
1995;0;1;47;4;1;2;4;2
1996;0;2;46;1;0;2;4;2
1997;0;2;33;1;0;2;4;2
1998;1;2;42;3;1;2;4;3
1999;0;2;26;2;1;2;4;1
2000;0;1;43;3;1;2;4;3
2001;0;2;42;1;1;3;4;1
2002;0;2;46;1;1;3;1;3
2003;0;2;30;2;1;3;1;2
2004;0;2;26;3;1;3;1;1
2005;0;2;44;5;1;3;1;2
2006;0;2;22;2;1;3;1;3
2007;0;3;32;3;1;3;1;1
2008;0;2;30;3;1;3;1;2
2009;0;2;23;2;1;3;1;2
2010;0;2;26;1;1;3;1;2
2011;0;2;39;4;1;3;1;1
2012;0;2;47;1;1;3;1;3
2013;0;2;42;4;1;3;1;2
2014;0;2;31;1;0;3;1;3
2015;0;2;42;1;1;3;1;2
2016;0;2;27;1;1;3;1;2
2017;0;3;41;1;1;3;1;1
2018;1;2;23;1;1;3;1;1
2019;0;3;37;1;0;3;1;1
2020;0;2;34;2;1;3;1;1
2021;0;2;46;1;1;3;1;2
2022;0;2;42;1;1;3;1;2
2023;1;2;38;5;1;3;1;3
2024;0;2;46;3;1;3;1;2
2025;0;2;41;1;0;3;1;2
2026;0;2;42;4;1;3;1;2
2027;0;2;33;3;1;3;1;3
2028;0;2;41;1;1;3;1;2
2029;0;2;27;2;1;3;1;1
2030;0;1;32;3;1;3;1;3
2031;0;2;39;1;0;3;1;2
2032;0;3;47;1;0;3;1;2
2033;0;2;31;4;1;3;1;3
2034;0;2;30;3;1;3;1;1
2035;0;1;26;3;1;3;1;1
2036;0;3;26;1;0;3;1;2
2037;0;2;49;4;1;3;1;2
2038;0;2;26;2;1;3;1;1
2039;0;2;35;1;1;3;1;1
2040;0;2;40;1;1;3;1;2
2041;0;2;28;3;1;3;1;2
2042;0;2;26;2;0;3;1;2
2043;0;2;42;4;1;3;1;3
2044;0;2;25;1;1;3;1;3
2045;0;2;19;2;0;3;1;2
2046;0;2;49;3;1;3;1;2
2047;0;2;26;3;0;3;1;1
2048;0;1;50;4;1;3;1;2
2049;0;2;33;3;1;3;1;3
2050;0;2;39;4;1;3;1;2
2051;1;3;38;3;0;3;1;3
2052;0;2;37;4;1;3;1;3
2053;0;2;46;1;1;3;1;3
2054;1;2;32;1;1;3;1;3
2055;0;2;40;1;1;3;1;3
2056;0;2;21;2;1;3;1;1
2057;0;2;51;1;1;3;1;2
2058;0;2;43;1;1;3;1;3
2059;0;2;42;3;1;3;1;1
2060;0;2;38;4;1;3;1;3
2061;0;2;30;1;1;3;1;2
2062;0;2;44;1;1;3;1;1
2063;0;2;42;1;1;3;1;2
2064;1;1;25;2;1;3;1;1
2065;0;2;39;4;0;3;1;1
2066;0;2;36;4;1;3;1;3
2067;0;1;47;1;1;3;1;2
2068;0;2;34;1;1;3;1;1
2069;0;2;34;1;1;3;1;1
2070;0;3;41;5;1;3;1;3
2071;0;2;40;4;1;3;1;1
2072;0;2;44;1;1;3;1;3
2073;0;2;48;1;1;3;1;2
2074;0;1;22;2;1;3;1;3
2075;0;2;33;1;1;3;1;3
2076;0;1;49;4;1;3;1;1
2077;0;2;43;3;1;3;1;3
2078;0;1;27;1;0;3;1;2
2079;0;2;24;1;1;3;1;2
2080;0;2;41;4;1;3;1;2
2081;0;1;40;1;1;3;1;2
2082;0;2;37;1;1;3;1;3
2083;1;1;25;1;0;3;1;1
2084;0;2;37;1;1;3;1;2
2085;0;2;34;1;0;3;1;1
2086;0;1;32;3;1;3;1;2
2087;0;2;33;1;1;3;1;1
2088;0;2;36;1;0;3;1;2
2089;0;1;18;2;1;3;1;1
2090;0;2;42;1;1;3;1;3
2091;0;3;20;1;1;3;1;3
2092;0;1;26;2;1;3;1;2
2093;0;2;37;3;1;3;1;3
2094;0;1;29;1;1;3;1;1
2095;0;2;33;1;1;3;1;2
2096;0;3;35;1;1;3;1;3
2097;0;1;20;2;1;3;1;3
2098;1;2;27;1;1;3;1;1
2099;0;2;40;3;1;3;1;3
2100;0;2;39;3;1;3;1;2
2101;0;2;44;4;1;3;1;2
2102;0;2;25;1;1;3;1;2
2103;0;3;32;3;1;3;1;2
2104;0;1;42;1;0;3;1;1
2105;0;2;28;3;1;3;1;2
2106;0;1;33;1;1;3;1;2
2107;0;2;26;1;1;3;1;2
2108;0;2;38;1;1;3;1;2
2109;1;2;18;2;1;3;1;1
2110;0;2;25;1;1;3;1;2
2111;0;2;30;3;1;3;1;2
2112;0;2;37;3;1;3;1;2
2113;0;1;51;1;0;3;1;1
2114;0;2;34;3;1;3;1;2
2115;0;2;41;4;1;3;1;1
2116;0;2;31;3;0;3;1;3
2117;0;2;34;1;1;3;1;3
2118;0;1;21;1;1;3;1;1
2119;0;2;18;2;1;3;1;1
2120;0;2;31;1;1;3;1;2
2121;0;2;24;1;1;3;1;3
2122;0;2;43;1;1;3;1;1
2123;0;2;34;1;1;3;1;3
2124;1;2;26;3;1;3;1;3
2125;0;2;39;1;1;3;1;1
2126;0;2;39;4;1;3;1;3
2127;1;2;26;1;1;3;1;1
2128;0;1;47;1;1;3;1;2
2129;0;2;49;4;1;3;1;2
2130;0;2;28;1;1;3;1;2
2131;0;3;38;1;1;3;1;3
2132;0;2;29;3;1;3;1;1
2133;1;2;32;1;1;3;1;3
2134;0;1;49;5;0;3;1;1
2135;0;2;33;1;1;3;1;1
2136;0;2;45;1;0;3;1;2
2137;0;2;40;3;1;3;1;1
2138;0;3;41;4;1;3;1;2
2139;0;2;52;3;1;3;1;1
2140;0;2;46;4;1;3;1;3
2141;0;1;36;4;0;3;1;1
2142;0;3;47;3;1;3;1;2
2143;0;3;34;3;1;3;1;2
2144;0;2;28;1;1;3;1;3
2145;0;2;32;3;0;3;1;1
2146;0;2;43;3;1;3;1;1
2147;0;2;36;4;1;3;1;2
2148;0;2;45;1;1;3;1;2
2149;0;2;25;1;1;3;1;2
2150;1;2;32;1;1;3;1;1
2151;0;2;23;2;1;3;1;2
2152;0;2;49;4;1;3;1;1
2153;0;2;37;1;1;3;1;3
2154;0;2;30;1;0;3;1;3
2155;0;2;19;1;1;3;1;2
2156;0;2;52;4;0;3;1;1
2157;0;1;29;2;1;3;1;1
2158;0;2;33;3;1;3;1;2
2159;0;2;33;3;0;3;1;2
2160;0;2;26;2;1;3;1;3
2161;0;2;37;5;1;3;1;2
2162;0;2;37;3;1;3;1;1
2163;0;2;26;1;1;3;1;1
2164;0;2;31;1;1;3;1;3
2165;0;3;37;1;1;3;1;1
2166;0;1;31;1;1;3;1;3
2167;1;1;28;1;1;3;1;3
2168;0;1;43;3;1;3;1;3
2169;0;2;36;1;1;3;1;3
2170;1;2;42;4;1;3;1;3
2171;0;2;22;1;1;3;1;3
2172;0;2;31;1;1;3;1;3
2173;1;3;32;3;1;3;1;3
2174;1;1;18;1;1;3;1;1
2175;0;2;32;1;1;3;1;2
2176;0;2;38;1;0;3;1;3
2177;0;2;50;1;1;3;1;2
2178;1;3;46;4;1;3;1;1
2179;0;2;36;5;1;3;1;3
2180;0;2;18;1;1;3;1;1
2181;0;2;42;1;1;3;1;1
2182;0;2;26;1;1;3;1;2
2183;0;2;41;3;1;3;1;3
2184;1;2;40;4;1;3;1;3
2185;0;2;20;2;1;3;1;3
2186;1;1;18;1;1;3;1;3
2187;0;3;44;4;1;3;1;1
2188;0;2;34;3;1;3;1;2
2189;0;2;33;2;1;3;1;3
2190;0;1;45;1;1;3;1;2
2191;0;2;50;3;1;3;1;1
2192;0;2;35;3;0;3;1;2
2193;0;1;56;4;1;3;1;2
2194;0;1;40;1;1;3;1;3
2195;0;2;33;1;1;3;1;2
2196;0;2;30;1;1;3;1;1
2197;0;2;33;1;1;3;1;1
2198;0;2;26;3;1;3;1;2
2199;0;2;43;4;1;3;1;2
2200;0;1;34;3;0;3;1;2
2201;0;2;39;4;1;3;1;1
2202;0;2;30;1;1;3;1;1
2203;0;2;48;3;1;3;1;1
2204;0;2;37;1;1;3;1;3
2205;0;2;45;1;0;3;1;2
2206;0;2;35;3;1;3;1;3
2207;0;2;40;3;1;3;1;2
2208;0;3;32;3;1;3;1;2
2209;0;2;21;2;1;3;1;2
2210;1;2;39;1;1;3;1;3
2211;0;2;56;3;1;3;1;2
2212;0;1;20;1;1;3;1;2
2213;0;2;48;3;1;3;1;1
2214;0;2;54;1;1;3;1;2
2215;0;2;35;2;0;3;1;2
2216;0;2;35;2;1;3;1;2
2217;0;2;26;1;1;3;1;2
2218;0;2;34;1;1;3;1;2
2219;0;3;40;5;1;3;1;1
2220;0;2;29;3;0;3;1;2
2221;0;2;47;4;1;3;1;1
2222;0;2;36;1;1;3;1;3
2223;0;2;44;1;1;3;1;1
2224;0;2;27;3;1;3;1;2
2225;0;2;35;1;1;3;1;2
2226;0;2;39;1;1;3;1;2
2227;0;2;37;1;1;3;1;3
2228;0;2;18;2;1;3;1;3
2229;0;2;43;1;1;3;1;3
2230;0;1;47;4;1;3;1;1
2231;0;2;36;3;1;3;1;3
2232;0;3;43;1;1;3;1;1
2233;0;2;33;1;1;3;1;2
2234;0;2;27;2;1;3;1;2
2235;1;2;32;1;1;3;1;1
2236;1;3;32;3;1;3;1;3
2237;0;1;29;1;1;3;1;3
2238;0;3;47;1;1;3;1;1
2239;0;1;50;4;1;3;1;2
2240;0;1;51;3;1;3;1;1
2241;0;2;38;1;1;3;1;2
2242;0;1;22;1;1;3;1;3
2243;0;2;32;1;1;3;1;2
2244;0;2;43;1;1;3;1;3
2245;0;2;33;1;0;3;1;2
2246;0;1;27;3;1;3;1;3
2247;0;2;27;3;1;3;1;2
2248;0;2;30;3;0;3;1;3
2249;0;2;38;3;1;3;1;2
2250;0;2;24;1;1;3;1;3
2251;0;2;24;2;1;3;1;2
2252;0;2;30;1;1;3;1;2
2253;0;2;35;3;0;3;1;2
2254;0;1;28;3;1;3;1;1
2255;1;2;44;1;1;3;1;3
2256;0;1;29;1;1;3;1;1
2257;1;2;33;1;1;3;1;3
2258;0;1;28;1;1;3;1;2
2259;0;2;37;1;1;3;1;3
2260;1;2;41;2;0;3;1;1
2261;1;2;29;3;1;3;1;1
2262;1;2;37;1;1;3;1;3
2263;0;2;31;1;1;3;1;3
2264;0;2;51;4;1;3;1;3
2265;0;1;29;1;1;3;1;3
2266;0;3;61;1;1;3;1;1
2267;0;2;27;2;1;3;1;2
2268;0;2;39;5;0;3;1;2
2269;0;2;30;3;1;3;1;2
2270;0;2;40;3;1;3;1;3
2271;1;2;28;2;1;3;1;3
2272;0;2;48;3;1;3;1;3
2273;0;3;37;1;1;3;1;2
2274;0;2;31;1;0;3;1;2
2275;1;2;32;1;1;3;1;3
2276;0;2;45;1;0;3;1;2
2277;0;2;42;4;0;3;1;2
2278;0;2;21;1;1;3;1;1
2279;1;3;29;1;1;3;1;3
2280;0;2;33;1;1;3;1;2
2281;0;2;28;3;1;3;1;1
2282;1;2;23;1;1;3;1;3
2283;1;2;25;1;1;3;1;3
2284;0;2;33;1;1;3;1;3
2285;0;2;30;1;1;3;1;2
2286;1;2;35;2;1;3;1;3
2287;0;2;43;4;1;3;1;3
2288;1;2;26;2;1;3;1;1
2289;0;2;35;1;1;3;1;3
2290;1;2;21;2;1;3;1;1
2291;0;1;49;1;1;3;1;3
2292;0;2;43;1;0;3;1;1
2293;0;2;36;4;1;3;1;2
2294;0;2;25;1;1;3;1;1
2295;0;2;36;1;1;3;1;3
2296;0;2;21;1;1;3;1;2
2297;1;2;33;1;0;3;1;1
2298;0;2;33;3;1;3;1;3
2299;0;2;40;1;0;3;1;1
2300;0;2;30;2;1;3;1;2
2301;0;2;31;3;0;3;1;2
2302;0;1;50;3;0;3;2;2
2303;0;1;42;3;1;3;2;2
2304;0;2;44;4;1;3;2;1
2305;0;1;38;3;1;3;2;1
2306;0;1;49;1;1;3;2;1
2307;0;1;40;3;1;3;2;1
2308;0;2;46;3;1;3;2;1
2309;0;1;51;3;1;3;2;3
2310;0;2;36;1;0;3;2;1
2311;0;3;54;1;1;3;2;1
2312;0;2;38;1;0;3;2;2
2313;0;1;44;1;0;3;2;1
2314;0;2;40;4;1;3;2;2
2315;0;1;42;1;0;3;2;3
2316;0;1;48;1;1;3;2;3
2317;0;2;58;1;1;3;2;3
2318;0;2;53;3;1;3;2;3
2319;0;1;45;4;0;3;2;2
2320;0;1;54;3;1;3;2;1
2321;0;2;50;3;1;3;2;2
2322;0;2;35;1;1;3;2;1
2323;0;1;51;1;1;3;2;3
2324;0;2;50;1;1;3;2;3
2325;0;2;46;3;1;3;2;3
2326;1;2;42;3;1;3;2;3
2327;0;2;45;1;1;3;2;3
2328;0;2;32;2;1;3;2;3
2329;0;2;45;3;1;3;2;1
2330;0;1;49;1;1;3;2;1
2331;0;2;37;1;1;3;2;2
2332;0;2;47;1;0;3;2;2
2333;0;2;44;1;1;3;2;2
2334;0;1;36;4;1;3;2;1
2335;0;2;52;1;1;3;2;3
2336;0;2;30;1;1;3;2;2
2337;0;2;41;4;0;3;2;2
2338;0;1;42;3;1;3;2;3
2339;0;2;53;1;1;3;2;3
2340;0;2;23;2;1;3;2;1
2341;0;1;48;1;1;3;2;1
2342;0;2;42;4;1;3;2;1
2343;0;1;45;1;1;3;2;2
2344;0;1;34;2;1;3;2;3
2345;0;1;48;4;1;3;2;2
2346;0;2;39;4;1;3;2;1
2347;0;1;48;1;1;3;2;1
2348;0;2;39;1;1;3;2;2
2349;0;2;36;1;1;3;2;2
2350;0;2;45;3;1;3;2;1
2351;0;1;42;3;1;3;2;2
2352;1;2;37;1;1;3;2;2
2353;1;1;40;4;1;3;2;3
2354;0;2;48;1;1;3;2;1
2355;0;2;59;3;1;3;2;2
2356;0;1;39;3;1;3;2;1
2357;0;1;49;1;1;3;2;2
2358;0;1;38;3;1;3;2;2
2359;0;2;47;1;1;3;2;3
2360;0;2;54;1;1;3;2;3
2361;0;2;40;1;0;3;2;2
2362;0;2;45;3;0;3;2;2
2363;0;2;44;3;1;3;2;2
2364;0;2;42;4;1;3;2;2
2365;1;2;56;1;1;3;2;3
2366;0;2;42;1;1;3;2;2
2367;0;1;36;3;1;3;2;1
2368;0;1;49;3;1;3;2;1
2369;0;2;40;3;1;3;2;1
2370;0;2;51;1;1;3;2;2
2371;0;2;44;1;1;3;2;3
2372;0;2;54;3;1;3;2;2
2373;0;2;46;4;0;3;2;2
2374;0;2;51;3;1;3;2;3
2375;0;2;40;3;1;3;2;1
2376;0;2;61;1;0;3;2;2
2377;0;2;51;3;1;3;2;1
2378;0;1;52;3;1;3;2;3
2379;0;2;49;1;1;3;2;2
2380;0;2;59;1;1;3;2;2
2381;0;1;49;4;1;3;2;3
2382;0;1;59;1;1;3;2;3
2383;0;1;54;4;1;3;2;1
2384;0;2;49;1;1;3;2;3
2385;0;2;47;1;0;3;2;2
2386;1;1;43;3;1;3;2;2
2387;0;1;53;4;1;3;2;2
2388;0;2;46;3;1;3;2;1
2389;0;2;32;2;1;3;2;2
2390;0;2;42;1;1;3;2;2
2391;0;1;35;1;1;3;2;1
2392;0;1;66;4;1;3;2;3
2393;0;2;47;1;0;3;2;3
2394;0;2;55;3;1;3;2;1
2395;0;1;71;1;0;3;2;2
2396;0;2;29;1;1;3;2;3
2397;0;1;49;1;1;3;2;3
2398;0;1;40;1;1;3;2;3
2399;0;2;47;1;1;3;2;2
2400;1;2;45;1;1;3;2;2
2401;0;2;57;1;1;3;2;3
2402;0;1;45;3;1;3;2;3
2403;1;2;52;1;1;3;2;1
2404;0;1;48;1;1;3;2;1
2405;0;1;48;3;1;3;2;1
2406;0;1;43;1;1;3;2;2
2407;0;2;46;3;1;3;2;2
2408;0;1;22;1;1;3;2;3
2409;0;1;34;2;1;3;2;3
2410;0;2;57;1;1;3;2;1
2411;0;2;38;4;1;3;2;3
2412;0;2;40;1;1;3;2;1
2413;0;2;43;1;1;3;2;3
2414;0;2;71;4;1;3;2;3
2415;0;2;33;1;0;3;2;2
2416;0;1;61;1;1;3;2;1
2417;0;2;51;4;1;3;2;3
2418;0;2;47;3;1;3;2;2
2419;0;1;46;1;1;3;2;3
2420;0;1;57;1;1;3;2;3
2421;0;2;51;1;1;3;2;1
2422;0;2;34;3;1;3;2;3
2423;0;2;41;3;1;3;2;3
2424;1;1;41;4;1;3;2;3
2425;0;2;32;1;1;3;2;2
2426;0;1;34;2;1;3;2;2
2427;1;2;42;3;1;3;2;1
2428;0;1;56;1;1;3;2;2
2429;0;1;44;1;1;3;2;2
2430;0;2;42;3;1;3;2;3
2431;0;2;53;1;0;3;2;2
2432;0;2;56;3;1;3;2;2
2433;0;2;45;1;1;3;2;3
2434;0;2;34;1;0;3;2;2
2435;0;1;48;1;1;3;2;2
2436;0;2;53;1;1;3;2;2
2437;0;2;53;1;0;3;2;1
2438;0;2;48;4;1;3;2;2
2439;0;2;37;1;1;3;2;2
2440;0;2;34;2;1;3;2;2
2441;0;2;43;1;0;3;2;2
2442;0;1;41;1;1;3;2;2
2443;0;1;45;1;1;3;2;3
2444;0;1;36;1;1;3;2;1
2445;0;1;25;1;1;3;2;2
2446;0;2;39;4;1;3;2;2
2447;0;1;61;4;1;3;2;2
2448;0;1;33;3;1;3;2;2
2449;0;2;51;4;1;3;2;2
2450;0;2;52;4;1;3;2;2
2451;0;2;52;1;1;3;2;3
2452;0;2;34;2;1;3;2;3
2453;0;2;50;1;1;3;2;3
2454;0;1;42;1;1;3;2;1
2455;1;2;53;1;1;3;2;3
2456;0;2;35;1;1;3;2;2
2457;0;1;32;1;0;3;2;2
2458;0;1;37;1;1;3;2;3
2459;0;2;55;3;0;3;2;3
2460;0;2;39;1;1;3;2;3
2461;0;1;58;1;1;3;2;3
2462;0;2;36;4;1;3;2;2
2463;0;2;59;1;1;3;2;2
2464;0;2;37;1;0;3;2;1
2465;0;2;33;1;1;3;2;1
2466;0;1;49;3;1;3;2;3
2467;0;1;40;1;1;3;2;3
2468;0;1;41;4;1;3;2;3
2469;0;1;31;1;1;3;2;2
2470;0;1;49;1;1;3;2;2
2471;0;2;68;1;1;3;2;2
2472;0;1;58;4;1;3;2;2
2473;0;1;41;1;0;3;2;2
2474;0;1;36;1;0;3;2;2
2475;0;2;47;1;1;3;2;1
2476;0;1;38;3;1;3;2;3
2477;0;2;28;3;0;3;2;2
2478;0;2;33;1;1;3;2;2
2479;0;1;42;1;0;3;2;2
2480;0;1;60;4;1;3;2;3
2481;0;2;38;3;1;3;2;2
2482;0;1;29;1;1;3;2;2
2483;0;2;36;3;1;3;2;3
2484;0;2;47;3;1;3;2;2
2485;0;2;46;4;0;3;2;3
2486;0;2;42;4;1;3;2;3
2487;0;1;57;3;1;3;2;2
2488;0;2;30;1;1;3;2;1
2489;0;1;51;1;1;3;2;1
2490;0;1;52;1;1;3;2;1
2491;1;2;40;3;1;3;2;3
2492;0;2;37;4;0;3;2;2
2493;0;2;45;1;1;3;2;2
2494;0;1;49;4;1;3;2;3
2495;0;2;49;4;1;3;2;1
2496;0;2;48;4;1;3;2;3
2497;0;1;57;3;1;3;2;2
2498;0;2;45;1;1;3;2;2
2499;0;2;55;4;1;3;2;3
2500;0;2;36;2;1;3;2;3
2501;0;1;57;1;1;3;2;2
2502;0;2;36;4;1;3;2;2
2503;0;2;46;4;1;3;2;2
2504;1;2;34;2;1;3;2;3
2505;1;2;60;1;1;3;2;1
2506;0;1;56;4;1;3;2;1
2507;0;2;34;1;1;3;2;3
2508;0;2;48;3;1;3;2;2
2509;0;2;52;1;1;3;2;3
2510;1;2;46;1;1;3;2;3
2511;0;2;43;1;1;3;2;1
2512;0;2;30;1;1;3;2;3
2513;0;2;35;2;1;3;2;3
2514;0;1;20;1;1;3;2;3
2515;0;2;42;1;1;3;2;2
2516;0;2;47;1;1;3;2;2
2517;0;2;39;4;1;3;2;3
2518;0;2;31;1;1;3;2;1
2519;0;2;47;1;1;3;2;1
2520;0;2;40;4;1;3;2;2
2521;0;2;37;3;1;3;2;3
2522;0;2;49;1;1;3;2;3
2523;0;2;53;1;1;3;2;3
2524;0;3;47;1;1;3;2;2
2525;0;2;34;3;0;3;2;2
2526;0;1;21;2;0;3;2;2
2527;0;2;20;1;0;3;3;2
2528;1;2;23;1;1;3;3;2
2529;1;2;23;1;1;3;3;1
2530;1;1;24;1;1;3;3;3
2531;0;2;29;3;1;3;3;2
2532;0;2;24;1;1;3;3;1
2533;0;1;25;2;1;3;3;1
2534;0;2;22;1;0;3;3;2
2535;0;2;24;1;1;3;3;3
2536;0;1;28;3;1;3;3;2
2537;0;2;22;1;0;3;3;2
2538;0;2;24;2;1;3;3;2
2539;1;2;27;3;1;3;3;1
2540;0;2;29;1;1;3;3;1
2541;0;1;23;1;1;3;3;3
2542;0;2;23;1;0;3;3;2
2543;0;1;22;1;1;3;3;3
2544;0;2;22;2;1;3;3;3
2545;0;2;28;1;1;3;3;2
2546;0;2;23;1;1;3;3;1
2547;1;2;24;2;1;3;3;3
2548;0;3;26;3;1;3;3;2
2549;1;1;25;1;1;3;3;3
2550;0;1;19;1;1;3;3;2
2551;0;2;29;3;1;3;3;3
2552;1;2;26;3;1;3;3;2
2553;0;2;22;2;1;3;3;1
2554;0;2;23;1;1;3;3;1
2555;1;3;27;1;1;3;3;1
2556;1;2;22;2;1;3;3;3
2557;1;2;21;2;1;3;3;3
2558;0;1;25;1;1;3;3;2
2559;0;1;24;2;1;3;3;3
2560;0;2;23;2;1;3;3;3
2561;1;2;23;2;1;3;3;3
2562;1;1;49;3;1;3;3;1
2563;1;3;26;3;1;3;3;1
2564;1;2;26;1;1;3;3;3
2565;1;1;28;2;1;3;3;2
2566;1;1;20;1;1;3;3;3
2567;1;1;25;1;1;3;3;1
2568;0;1;24;1;1;3;3;2
2569;0;2;25;1;1;3;3;1
2570;1;2;30;3;1;3;3;1
2571;0;2;28;3;1;3;3;2
2572;1;2;25;2;1;3;3;1
2573;0;1;25;1;0;3;3;2
2574;0;2;23;1;1;3;3;2
2575;0;2;25;2;0;3;3;2
2576;0;2;19;2;1;3;3;2
2577;0;3;23;1;1;3;3;3
2578;0;2;26;1;1;3;3;1
2579;0;2;23;1;1;3;3;2
2580;0;1;22;1;0;3;3;2
2581;0;2;27;2;1;3;3;3
2582;0;1;22;1;0;3;3;2
2583;0;1;28;1;1;3;3;2
2584;0;2;20;2;1;3;3;2
2585;0;2;28;1;0;3;3;2
2586;0;2;27;1;1;3;3;3
2587;0;2;29;1;0;3;3;1
2588;1;1;21;2;1;3;3;1
2589;1;2;23;2;1;3;3;3
2590;0;2;22;1;1;3;3;2
2591;0;2;21;1;1;3;3;2
2592;0;2;22;2;1;3;3;1
2593;0;2;23;2;1;3;3;1
2594;0;1;23;2;1;3;3;1
2595;1;2;23;2;1;3;3;3
2596;0;1;24;2;1;3;3;2
2597;0;1;27;3;1;3;3;1
2598;0;2;23;1;1;3;3;3
2599;0;2;27;3;1;3;3;1
2600;1;1;25;1;0;3;3;1
2601;0;1;25;1;1;3;3;3
2602;0;2;23;1;0;3;3;2
2603;0;2;29;1;1;3;3;3
2604;0;2;56;5;1;3;3;1
2605;1;2;25;1;1;3;3;3
2606;0;1;25;2;1;3;3;1
2607;0;1;23;1;1;3;3;2
2608;0;2;26;3;1;3;3;2
2609;1;2;25;2;1;3;3;3
2610;0;3;54;1;1;3;3;2
2611;0;2;27;1;1;3;3;3
2612;0;1;22;1;1;3;3;1
2613;0;2;27;3;1;3;3;3
2614;1;2;21;1;1;3;3;1
2615;0;2;26;1;1;3;3;2
2616;0;2;24;1;1;3;3;2
2617;0;1;25;2;0;3;3;2
2618;0;2;18;2;1;3;3;2
2619;1;2;22;1;1;3;3;3
2620;0;1;21;1;1;3;3;1
2621;0;2;24;1;0;3;3;2
2622;0;2;19;1;1;3;3;3
2623;0;2;28;3;1;3;3;2
2624;0;2;23;1;1;3;3;3
2625;0;1;24;1;1;3;3;2
2626;0;1;22;2;1;3;3;2
2627;0;3;26;3;1;3;3;1
2628;0;2;22;1;1;3;3;2
2629;1;1;25;1;1;3;3;1
2630;1;2;26;1;1;3;3;1
2631;0;2;24;2;1;3;3;2
2632;0;2;49;1;1;3;3;2
2633;0;2;28;2;1;3;4;1
2634;0;1;57;4;1;3;4;2
2635;0;2;44;1;1;3;4;1
2636;1;1;48;1;1;3;4;3
2637;0;2;32;1;0;3;4;2
2638;0;1;32;1;1;3;4;3
2639;0;2;30;1;1;3;4;3
2640;0;2;43;3;1;3;4;3
2641;0;2;43;4;1;3;4;2
2642;0;1;35;1;1;3;4;3
2643;0;2;33;3;1;3;4;2
2644;0;2;34;1;1;3;4;1
2645;0;2;38;1;0;3;4;2
2646;0;1;33;3;1;3;4;1
2647;0;1;31;1;0;3;4;1
2648;0;2;47;4;1;3;4;3
2649;0;1;19;2;1;3;4;2
2650;0;1;20;1;1;3;4;3
2651;0;2;22;1;1;3;4;3
2652;0;2;39;1;1;3;4;3
2653;0;2;20;2;1;3;4;3
2654;0;1;54;4;1;3;4;1
2655;0;2;39;3;1;3;4;2
2656;0;2;36;1;1;3;4;1
2657;0;2;41;4;1;3;4;3
2658;0;2;48;1;1;3;4;3
2659;0;2;29;1;1;3;4;3
2660;0;1;39;3;1;3;4;2
2661;0;2;26;2;1;3;4;1
2662;0;2;51;3;1;3;4;3
2663;0;2;38;3;1;3;4;1
2664;0;2;26;1;0;3;4;3
2665;0;2;50;1;1;3;4;3
2666;0;2;45;3;0;3;4;2
2667;0;2;37;4;1;3;4;3
2668;0;2;43;1;0;3;4;3
2669;0;2;29;2;1;3;4;1
2670;0;3;35;3;1;3;4;3
2671;0;2;46;4;1;3;4;3
2672;0;2;44;3;1;3;4;2
2673;0;2;32;1;1;3;4;3
2674;0;2;43;4;1;3;4;1
2675;0;2;43;1;1;3;4;2
2676;0;2;44;4;1;3;4;3
2677;0;3;43;3;1;3;4;2
2678;0;2;56;4;1;3;4;2
2679;0;2;35;2;1;3;4;3
2680;0;3;40;4;1;3;4;3
2681;0;2;22;2;0;3;4;2
2682;0;1;35;2;1;3;4;3
2683;0;2;34;1;1;3;4;2
2684;0;2;31;1;1;3;1;3
2685;1;2;30;3;1;3;1;1
2686;0;2;40;1;1;3;1;3
2687;0;1;24;2;1;3;1;2
2688;0;2;54;1;1;3;1;2
2689;0;1;30;1;1;3;1;3
2690;1;2;36;1;1;3;1;2
2691;0;2;31;1;1;3;1;3
2692;1;2;33;3;1;3;1;2
2693;0;2;35;1;0;3;1;1
2694;0;2;40;1;1;3;1;2
2695;0;2;32;2;0;3;1;2
2696;0;1;37;4;1;3;1;3
2697;0;2;40;4;1;3;1;2
2698;0;2;31;2;1;3;1;3
2699;0;2;30;3;1;3;1;1
2700;0;2;37;1;0;3;1;2
2701;0;3;44;1;1;3;1;1
2702;0;1;49;1;1;3;1;2
2703;1;2;19;1;1;3;1;1
2704;0;3;29;1;0;3;1;2
2705;0;2;35;2;1;3;1;3
2706;0;2;44;1;0;3;2;2
2707;0;2;46;1;1;3;2;3
2708;0;3;36;1;0;3;2;2
2709;0;2;45;3;1;3;2;1
2710;0;2;43;4;1;3;2;2
2711;0;1;43;4;1;3;2;2
2712;0;2;52;4;1;3;2;3
2713;1;2;22;1;1;3;3;3
2714;0;2;25;2;0;3;3;2
2715;0;1;55;4;1;3;3;2
2716;0;3;39;1;1;3;3;2
2717;0;1;49;3;1;3;4;3
2718;0;2;53;4;1;3;4;3
2719;0;2;39;4;1;3;4;1
2720;1;2;31;1;1;3;4;3
2721;0;2;44;3;1;3;4;2
2722;1;2;34;1;1;3;4;3
2723;0;2;37;1;1;3;4;3
2724;0;1;41;1;1;3;4;3
2725;0;1;51;3;1;3;4;3
2726;0;2;33;1;1;3;4;2
2727;0;2;42;1;1;3;4;3
2728;0;1;54;1;1;3;4;3
2729;0;2;36;1;1;3;4;3
2730;0;1;18;1;1;3;4;1
2731;0;1;49;3;0;3;4;2
2732;1;2;27;1;1;3;4;2
2733;0;2;30;2;1;3;4;3
2734;0;2;40;2;0;3;4;2
2735;0;2;38;3;1;3;4;3
2736;0;2;33;2;1;3;4;1
2737;1;1;44;1;0;3;4;2
2738;0;1;42;3;1;3;4;3
2739;0;1;59;1;1;3;4;3
2740;0;1;29;1;1;3;4;3
2741;1;2;38;1;1;3;4;1
2742;0;2;22;2;1;3;4;1
2743;0;2;39;1;1;3;4;2
2744;0;2;36;1;1;3;4;2
2745;0;3;45;3;0;3;4;2
2746;0;1;57;3;1;3;4;3
2747;0;2;37;4;1;3;4;1
2748;0;3;48;3;1;3;4;3
2749;0;1;44;4;1;3;4;3
2750;1;1;48;1;1;3;4;2
2751;0;2;58;1;1;3;4;2
2752;0;1;42;1;0;3;4;2
2753;0;2;32;2;0;3;4;2
2754;0;2;38;4;1;3;4;3
2755;0;1;37;1;0;3;4;1
2756;0;2;33;1;1;3;4;2
2757;0;2;43;1;1;3;4;2
2758;1;2;39;1;1;3;4;3
2759;0;1;40;4;1;3;4;2
2760;0;2;42;1;1;3;4;2
2761;0;2;37;1;1;3;4;1
2762;0;2;35;2;0;3;4;3
2763;0;1;57;4;1;3;4;1
2764;0;2;42;3;1;3;4;3
2765;0;1;43;3;1;3;4;3
2766;0;2;38;1;1;3;4;2
2767;0;1;39;1;0;3;4;2
2768;0;1;51;1;1;3;4;2
2769;0;2;45;4;1;3;4;3
2770;0;2;53;3;1;3;4;3
2771;0;1;63;3;1;3;4;1
2772;1;2;30;1;1;3;4;3
2773;0;1;19;1;1;3;4;2
2774;0;2;34;1;1;3;4;1
2775;0;2;39;1;1;3;4;3
2776;1;1;39;4;1;3;4;3
2777;0;2;36;1;1;3;4;2
2778;0;1;41;4;1;3;4;3
2779;0;1;38;1;0;3;4;2
2780;1;2;36;3;1;3;4;3
2781;0;1;26;1;1;3;4;3
2782;0;2;44;4;1;3;4;3
2783;1;2;34;1;1;3;4;3
2784;0;2;36;3;1;3;4;2
2785;0;2;50;3;1;3;4;2
2786;0;2;32;1;1;3;4;1
2787;0;2;19;2;1;3;4;1
2788;0;3;50;4;1;3;4;3
2789;0;1;56;3;1;3;4;3
2790;0;2;35;1;1;3;4;2
2791;0;2;33;1;0;3;4;2
2792;0;2;28;2;1;3;4;1
2793;0;2;32;1;1;3;4;1
2794;0;1;21;1;1;3;4;2
2795;0;1;56;1;1;3;4;2
2796;1;1;44;1;1;3;4;3
2797;0;2;40;1;1;3;4;2
2798;1;2;26;1;1;3;4;3
2799;0;2;43;1;1;3;4;1
2800;0;1;43;1;1;3;4;3
2801;0;1;52;1;1;3;4;2
2802;0;2;47;1;1;3;4;1
2803;0;2;34;1;1;3;4;3
2804;0;2;47;4;0;3;4;3
2805;1;2;20;2;1;3;4;3
2806;0;1;58;4;1;3;4;2
2807;0;1;49;1;0;3;4;2
2808;0;2;52;4;1;3;4;3
2809;0;2;45;3;1;3;4;2
2810;0;1;22;2;0;3;4;2
2811;0;1;40;1;1;3;4;2
2812;0;2;29;1;1;3;4;2
2813;0;2;45;1;1;3;4;2
2814;0;1;42;1;1;3;4;3
2815;0;2;55;1;1;3;4;3
2816;0;2;45;4;1;3;4;2
2817;0;2;46;1;1;3;4;2
2818;0;2;31;3;1;3;4;3
2819;0;3;34;1;1;3;4;3
2820;0;1;18;2;1;3;4;3
2821;0;2;39;1;1;3;4;2
2822;0;2;42;1;1;3;4;1
2823;0;2;29;1;1;3;4;2
2824;0;2;42;1;1;3;4;3
2825;0;1;28;1;1;3;4;2
2826;0;2;45;1;1;3;4;3
2827;0;1;47;1;1;3;4;2
2828;0;1;25;1;1;3;4;2
2829;0;1;45;1;1;3;4;3
2830;0;1;56;1;1;3;4;3
2831;0;1;48;4;1;3;4;3
2832;0;2;44;1;0;3;4;2
2833;0;1;51;3;0;3;4;1
2834;0;2;30;3;1;3;4;2
2835;1;2;29;1;1;3;4;3
2836;0;2;27;2;1;3;4;3
2837;0;1;48;3;1;3;4;3
2838;0;2;34;2;1;3;4;2
2839;0;2;35;1;1;3;4;2
2840;0;2;42;1;0;3;4;2
2841;0;2;32;1;1;3;4;3
2842;0;2;34;1;1;3;4;1
2843;0;2;36;4;1;3;4;2
2844;0;2;53;3;1;3;4;2
2845;0;1;42;1;1;3;4;1
2846;0;2;42;3;1;3;4;3
2847;1;2;48;1;1;3;4;3
2848;0;2;53;4;1;3;4;2
2849;0;2;42;3;1;3;4;2
2850;1;2;40;4;1;3;4;3
2851;0;2;46;3;1;3;4;3
2852;0;3;55;1;1;3;4;2
2853;0;1;28;1;1;3;4;1
2854;0;2;38;3;1;3;4;1
2855;0;2;27;2;1;3;4;3
2856;0;2;28;1;1;3;4;3
2857;0;1;32;1;0;3;4;2
2858;0;2;47;1;0;3;4;2
2859;0;2;25;1;1;3;4;1
2860;0;1;44;1;1;3;4;1
2861;0;2;40;4;0;3;4;2
2862;0;2;44;1;1;3;4;1
2863;0;2;32;2;1;3;4;3
2864;0;2;42;1;1;3;4;3
2865;0;1;39;4;1;3;4;1
2866;0;1;50;4;1;3;4;3
2867;0;1;50;3;1;3;4;2
2868;0;2;24;1;0;3;4;2
2869;0;2;45;3;1;3;4;3
2870;0;1;44;4;1;3;4;1
2871;0;2;45;3;1;3;4;3
2872;0;2;38;3;0;3;4;2
2873;0;1;40;1;1;3;4;3
2874;0;2;39;1;1;3;4;1
2875;0;2;37;3;1;3;4;1
2876;1;1;27;1;1;3;4;3
2877;1;1;50;1;1;3;4;3
2878;0;2;40;3;0;3;4;2
2879;0;2;52;4;1;3;4;2
2880;0;2;45;3;1;3;4;2
2881;0;2;47;4;1;3;4;3
2882;0;2;48;1;1;3;4;3
2883;0;2;49;4;1;3;4;1
2884;0;2;18;1;1;3;4;3
2885;0;2;44;1;1;3;4;2
2886;0;1;42;3;1;3;4;3
2887;0;1;43;1;1;3;4;3
2888;0;2;36;4;1;3;4;2
2889;0;2;30;1;0;3;4;2
2890;0;2;30;3;1;3;4;2
2891;0;1;28;2;1;3;4;1
2892;0;1;37;4;1;3;4;1
2893;0;2;46;4;1;3;4;2
2894;0;1;54;1;1;3;4;2
2895;0;1;52;3;1;3;4;3
2896;0;2;47;3;1;3;4;3
2897;0;2;29;2;0;3;4;2
2898;1;2;49;1;1;3;4;1
2899;0;2;37;3;1;3;4;1
2900;0;2;28;2;1;3;4;1
2901;1;1;49;1;1;3;4;1
2902;0;1;53;1;1;3;4;3
2903;0;2;43;1;1;3;4;2
2904;0;1;48;3;1;3;4;2
2905;0;2;37;1;1;3;4;2
2906;0;1;49;1;1;3;4;3
2907;1;1;60;4;1;3;4;3
2908;0;2;41;1;1;3;4;2
2909;0;2;42;1;1;3;4;3
2910;0;1;18;1;1;3;4;2
2911;0;2;43;1;1;3;4;1
2912;1;2;53;4;1;3;4;3
2913;0;1;38;1;1;3;4;2
2914;0;2;42;1;1;3;4;1
2915;1;1;52;3;1;3;4;3
2916;0;2;51;1;1;3;4;1
2917;0;1;40;1;1;3;4;2
2918;0;2;26;1;0;3;4;2
2919;0;2;43;3;1;3;4;1
2920;0;2;42;3;1;3;4;1
2921;0;1;24;1;0;3;4;1
2922;0;2;43;1;1;3;4;1
2923;0;2;42;3;1;3;4;3
2924;0;1;31;1;1;3;4;2
2925;0;1;26;1;1;3;4;2
2926;0;2;37;1;1;3;4;3
2927;0;2;36;3;1;3;4;2
2928;1;2;46;3;1;3;4;3
2929;1;2;36;3;1;3;4;3
2930;0;2;30;2;1;3;4;1
2931;0;2;35;1;1;3;4;3
2932;0;2;37;5;1;3;4;1
2933;0;2;31;2;1;3;4;1
2934;0;2;37;1;1;3;4;1
2935;1;2;33;2;1;3;4;3
2936;0;1;55;4;1;3;4;3
2937;0;2;48;4;1;3;4;1
2938;0;2;39;4;1;3;4;2
2939;0;2;30;1;1;3;4;1
2940;0;2;28;2;1;3;4;3
2941;0;2;37;4;1;3;4;3
2942;0;2;36;3;1;3;4;2
2943;0;1;37;1;1;3;4;1
2944;0;2;46;1;1;3;4;1
2945;0;1;48;1;1;3;4;2
2946;0;2;25;1;1;3;4;3
2947;0;2;36;4;1;3;4;3
2948;0;2;44;3;1;3;4;2
2949;0;1;41;2;1;3;4;3
2950;0;2;33;2;1;3;4;2
2951;0;1;29;2;1;3;4;3
2952;0;1;40;4;1;3;4;2
2953;0;2;48;1;1;3;4;3
2954;0;1;55;2;1;3;4;2
2955;0;1;47;1;1;3;4;3
2956;0;2;37;3;1;3;4;2
2957;0;1;51;3;1;3;4;3
2958;0;2;41;3;1;3;4;1
2959;0;2;34;2;1;3;4;1
2960;0;2;36;3;1;3;4;3
2961;0;2;41;1;1;3;4;3
2962;1;2;34;1;1;3;4;3
2963;0;2;51;1;1;3;4;2
2964;0;2;51;4;1;3;4;2
2965;0;2;39;1;1;3;4;2
2966;0;2;62;1;1;3;4;2
2967;0;2;46;1;0;3;4;2
2968;0;2;35;3;1;3;4;3
2969;0;2;55;1;1;3;4;3
2970;0;1;52;3;1;3;4;2
2971;0;1;38;4;1;3;4;3
2972;0;2;24;2;1;3;4;3
2973;0;2;43;1;1;3;4;1
2974;0;1;52;1;1;3;4;2
2975;1;2;31;2;0;3;4;3
2976;0;2;42;4;1;3;4;1
2977;0;2;49;1;0;3;4;2
2978;0;2;43;3;1;3;4;2
2979;0;2;52;1;1;3;4;3
2980;1;2;48;1;1;3;4;2
2981;0;1;47;1;1;3;4;3
2982;0;2;28;1;1;3;4;3
2983;0;2;37;4;1;3;4;1
2984;0;1;51;1;1;3;4;3
2985;0;2;38;1;1;3;4;3
2986;0;2;43;3;1;3;4;1
2987;0;1;39;1;1;3;4;2
2988;0;1;57;4;1;3;4;3
2989;0;2;30;1;1;3;4;3
2990;0;2;34;2;1;3;4;2
2991;0;2;57;4;1;3;4;2
2992;0;2;48;4;1;3;4;1
2993;1;1;32;2;1;3;4;3
2994;0;2;44;4;1;3;4;2
2995;0;2;29;2;1;3;4;1
2996;0;1;44;3;1;3;4;2
2997;0;1;42;4;1;3;4;3
2998;0;1;43;1;1;3;4;2
2999;1;1;52;1;1;3;4;2
3000;1;1;40;1;1;3;4;3
